--liquibase formatted sql

--changeset igor:1

INSERT INTO mobile_operator (id, operator_name)
VALUES (1, 'A1'),
       (2, 'MTS');

--changeset igor:2

INSERT INTO group_number (id, group_number_name)
VALUES (1, 'Руководители'),
       (2, 'Специалисты'),
       (3, 'Дежурные службы'),
       (4, 'Водители легковых автомобилей'),
       (5, 'Водители грузовых автомобилей'),
       (6, 'Удерживаем все'),
       (7, 'Общая группа');

--changeset igor:3

INSERT INTO phone_number (id, number, group_number_id, mobile_operator_id)
VALUES (1, 291025801, 7, 1),
       (2, 291094257, 7, 1),
       (3, 291094678, 7, 1),
       (4, 291094762, 7, 1),
       (5, 291095245, 7, 1),
       (6, 291095331, 7, 1),
       (7, 291095347, 7, 1),
       (8, 291095371, 7, 1),
       (9, 291095426, 7, 1),
       (10, 291095428, 7, 1),
       (11, 291095460, 7, 1),
       (12, 291095461, 7, 1),
       (13, 291095596, 7, 1),
       (14, 291095629, 7, 1),
       (15, 291095668, 7, 1),
       (16, 291095670, 7, 1),
       (17, 291095682, 7, 1),
       (18, 291095693, 7, 1),
       (19, 291107370, 7, 1),
       (20, 291140530, 7, 1),
       (21, 291140533, 7, 1),
       (22, 291140540, 7, 1),
       (23, 291191137, 7, 1),
       (24, 291201612, 7, 1),
       (25, 291220503, 7, 1),
       (26, 291220504, 7, 1),
       (27, 291220509, 7, 1),
       (28, 291220510, 7, 1),
       (29, 291220512, 7, 1),
       (30, 291228980, 7, 1),
       (31, 291264353, 7, 1),
       (32, 291285379, 7, 1),
       (33, 291289057, 7, 1),
       (34, 291291904, 7, 1),
       (35, 291291905, 7, 1),
       (36, 291291906, 7, 1),
       (37, 291291911, 7, 1),
       (38, 291300182, 7, 1),
       (39, 291300293, 7, 1),
       (40, 291300543, 7, 1),
       (41, 291300578, 7, 1),
       (42, 291300619, 7, 1),
       (43, 291300742, 7, 1),
       (44, 291300743, 7, 1),
       (45, 291300760, 7, 1),
       (46, 291300763, 7, 1),
       (47, 291300782, 7, 1),
       (48, 291300790, 7, 1),
       (49, 291300827, 7, 1),
       (50, 291300832, 7, 1),
       (51, 291300875, 7, 1),
       (52, 291300879, 7, 1),
       (53, 291300934, 7, 1),
       (54, 291300942, 7, 1),
       (55, 291300943, 7, 1),
       (56, 291300963, 7, 1),
       (57, 291300984, 7, 1),
       (58, 291300988, 7, 1),
       (59, 291300994, 7, 1),
       (60, 291370304, 7, 1),
       (61, 291370305, 7, 1),
       (62, 291370306, 7, 1),
       (63, 291370308, 7, 1),
       (64, 291388300, 7, 1),
       (65, 291388400, 7, 1),
       (66, 291388500, 7, 1),
       (67, 291388900, 7, 1),
       (68, 291400316, 7, 1),
       (69, 291400343, 7, 1),
       (70, 291448013, 7, 1),
       (71, 291448028, 7, 1),
       (72, 291448036, 7, 1),
       (73, 291448056, 7, 1),
       (74, 291448073, 7, 1),
       (75, 291448098, 7, 1),
       (76, 291449036, 7, 1),
       (77, 291449093, 7, 1),
       (78, 291469907, 7, 1),
       (79, 291469909, 7, 1),
       (80, 291496121, 7, 1),
       (81, 291512961, 7, 1),
       (82, 291539400, 7, 1),
       (83, 291539700, 7, 1),
       (84, 291546900, 7, 1),
       (85, 291557213, 7, 1),
       (86, 291557234, 7, 1),
       (87, 291557239, 7, 1),
       (88, 291557243, 7, 1),
       (89, 291557247, 7, 1),
       (90, 291558293, 7, 1),
       (91, 291563200, 7, 1),
       (92, 291564686, 7, 1),
       (93, 291598600, 7, 1),
       (94, 291601782, 7, 1),
       (95, 291658561, 7, 1),
       (96, 291675800, 7, 1),
       (97, 291681500, 7, 1),
       (98, 291684300, 7, 1),
       (99, 291685800, 7, 1),
       (100, 291686200, 7, 1),
       (101, 291689100, 7, 1),
       (102, 291697800, 7, 1),
       (103, 291698500, 7, 1),
       (104, 291709388, 7, 1),
       (105, 291730773, 7, 1),
       (106, 291735800, 7, 1),
       (107, 291751008, 7, 1),
       (108, 291751542, 7, 1),
       (109, 291751874, 7, 1),
       (110, 291751988, 7, 1),
       (111, 291752128, 7, 1),
       (112, 291752146, 7, 1),
       (113, 291752986, 7, 1),
       (114, 291753089, 7, 1),
       (115, 291753107, 7, 1),
       (116, 291753149, 7, 1),
       (117, 291753158, 7, 1),
       (118, 291753161, 7, 1),
       (119, 291753162, 7, 1),
       (120, 291753166, 7, 1),
       (121, 291757541, 7, 1),
       (122, 291757544, 7, 1),
       (123, 291757545, 7, 1),
       (124, 291758700, 7, 1),
       (125, 291769700, 7, 1),
       (126, 291771668, 7, 1),
       (127, 291772303, 7, 1),
       (128, 291772755, 7, 1),
       (129, 291773264, 7, 1),
       (130, 291773293, 7, 1),
       (131, 291781090, 7, 1),
       (132, 291781174, 7, 1),
       (133, 291781974, 7, 1),
       (134, 291782354, 7, 1),
       (135, 291782418, 7, 1),
       (136, 291782460, 7, 1),
       (137, 291782466, 7, 1),
       (138, 291782503, 7, 1),
       (139, 291782515, 7, 1),
       (140, 291782538, 7, 1),
       (141, 291782541, 7, 1),
       (142, 291782562, 7, 1),
       (143, 291782679, 7, 1),
       (144, 291782704, 7, 1),
       (145, 291782731, 7, 1),
       (146, 291782741, 7, 1),
       (147, 291782749, 7, 1),
       (148, 291782756, 7, 1),
       (149, 291782763, 7, 1),
       (150, 291782794, 7, 1),
       (151, 291782835, 7, 1),
       (152, 291782836, 7, 1),
       (153, 291782893, 7, 1),
       (154, 291782903, 7, 1),
       (155, 291782983, 7, 1),
       (156, 291782984, 7, 1),
       (157, 291782990, 7, 1),
       (158, 291783017, 7, 1),
       (159, 291783091, 7, 1),
       (160, 291783112, 7, 1),
       (161, 291783115, 7, 1),
       (162, 291783119, 7, 1),
       (163, 291783122, 7, 1),
       (164, 291783129, 7, 1),
       (165, 291783146, 7, 1),
       (166, 291783152, 7, 1),
       (167, 291783155, 7, 1),
       (168, 291783166, 7, 1),
       (169, 291783195, 7, 1),
       (170, 291783199, 7, 1),
       (171, 291800129, 7, 1),
       (172, 291800153, 7, 1),
       (173, 291800156, 7, 1),
       (174, 291800159, 7, 1),
       (175, 291800357, 7, 1),
       (176, 291800376, 7, 1),
       (177, 291819941, 7, 1),
       (178, 291838820, 7, 1),
       (179, 291838828, 7, 1),
       (180, 291850067, 7, 1),
       (181, 291850721, 7, 1),
       (182, 291850766, 7, 1),
       (183, 291850825, 7, 1),
       (184, 291850826, 7, 1),
       (185, 291850828, 7, 1),
       (186, 291860660, 7, 1),
       (187, 291860974, 7, 1),
       (188, 291861161, 7, 1),
       (189, 291861529, 7, 1),
       (190, 291862181, 7, 1),
       (191, 291862973, 7, 1),
       (192, 291863258, 7, 1),
       (193, 291863523, 7, 1),
       (194, 291863940, 7, 1),
       (195, 291863983, 7, 1),
       (196, 291863987, 7, 1),
       (197, 291863997, 7, 1),
       (198, 291864290, 7, 1),
       (199, 291864291, 7, 1),
       (200, 291864296, 7, 1),
       (201, 291864297, 7, 1),
       (202, 291864307, 7, 1),
       (203, 291864310, 7, 1),
       (204, 291864312, 7, 1),
       (205, 291864313, 7, 1),
       (206, 291871200, 7, 1),
       (207, 291872600, 7, 1),
       (208, 291874500, 7, 1),
       (209, 291878200, 7, 1),
       (210, 291878400, 7, 1),
       (211, 291882047, 7, 1),
       (212, 291882550, 7, 1),
       (213, 291882640, 7, 1),
       (214, 291882705, 7, 1),
       (215, 291882730, 7, 1),
       (216, 291883135, 7, 1),
       (217, 291884013, 7, 1),
       (218, 291884016, 7, 1),
       (219, 291884045, 7, 1),
       (220, 291885583, 7, 1),
       (221, 291888264, 7, 1),
       (222, 291888265, 7, 1),
       (223, 291888267, 7, 1),
       (224, 291888269, 7, 1),
       (225, 291888276, 7, 1),
       (226, 291888382, 7, 1),
       (227, 291888397, 7, 1),
       (228, 291888413, 7, 1),
       (229, 291888423, 7, 1),
       (230, 291888426, 7, 1),
       (231, 291888446, 7, 1),
       (232, 291888458, 7, 1),
       (233, 291888459, 7, 1),
       (234, 291888479, 7, 1),
       (235, 291888490, 7, 1),
       (236, 291888493, 7, 1),
       (237, 291888532, 7, 1),
       (238, 291888534, 7, 1),
       (239, 291888537, 7, 1),
       (240, 291888542, 7, 1),
       (241, 291888543, 7, 1),
       (242, 291891259, 7, 1),
       (243, 291891301, 7, 1),
       (244, 291911260, 7, 1),
       (245, 291911430, 7, 1),
       (246, 291911640, 7, 1),
       (247, 291952041, 7, 1),
       (248, 291952043, 7, 1),
       (249, 291952049, 7, 1),
       (250, 291988230, 7, 1),
       (251, 291995008, 7, 1),
       (252, 291995017, 7, 1),
       (253, 291995025, 7, 1),
       (254, 291995026, 7, 1),
       (255, 291995031, 7, 1),
       (256, 291995033, 7, 1),
       (257, 291995036, 7, 1),
       (258, 291995037, 7, 1),
       (259, 291995038, 7, 1),
       (260, 291995039, 7, 1),
       (261, 291999387, 7, 1),
       (262, 292006668, 7, 2),
       (263, 292006943, 7, 2),
       (264, 292008468, 7, 2),
       (265, 292009085, 7, 2),
       (266, 292105752, 7, 2),
       (267, 292113965, 7, 2),
       (268, 292131362, 7, 2),
       (269, 292134125, 7, 2),
       (270, 292142627, 7, 2),
       (271, 292152079, 7, 2),
       (272, 292164882, 7, 2),
       (273, 292166147, 7, 2),
       (274, 292171335, 7, 2),
       (275, 292180143, 7, 2),
       (276, 292184259, 7, 2),
       (277, 292187466, 7, 2),
       (278, 292190197, 7, 2),
       (279, 292198068, 7, 2),
       (280, 292201055, 7, 2),
       (281, 292452255, 7, 2),
       (282, 292480450, 7, 2),
       (283, 292575092, 7, 2),
       (284, 292575421, 7, 2),
       (285, 292575516, 7, 2),
       (286, 292716660, 7, 2),
       (287, 292793545, 7, 2),
       (288, 292812619, 7, 2),
       (289, 292812987, 7, 2),
       (290, 292813014, 7, 2),
       (291, 292813067, 7, 2),
       (292, 292813103, 7, 2),
       (293, 292813271, 7, 2),
       (294, 292813408, 7, 2),
       (295, 292914618, 7, 2),
       (296, 292944866, 7, 2),
       (297, 292945368, 7, 2),
       (298, 292949646, 7, 2),
       (299, 292952787, 7, 2),
       (300, 292964232, 7, 2),
       (301, 292981432, 7, 2),
       (302, 292997944, 7, 2),
       (303, 293074720, 7, 1),
       (304, 293205855, 7, 1),
       (305, 293364231, 7, 1),
       (306, 293364251, 7, 1),
       (307, 293364256, 7, 1),
       (308, 293364286, 7, 1),
       (309, 293364287, 7, 1),
       (310, 293364293, 7, 1),
       (311, 293364295, 7, 1),
       (312, 293380143, 7, 1),
       (313, 293390287, 7, 1),
       (314, 293437650, 7, 1),
       (315, 293445903, 7, 1),
       (316, 293449986, 7, 1),
       (317, 293452510, 7, 1),
       (318, 293452512, 7, 1),
       (319, 293452523, 7, 1),
       (320, 293500424, 7, 1),
       (321, 293500455, 7, 1),
       (322, 293502754, 7, 1),
       (323, 293551051, 7, 1),
       (324, 293553510, 7, 1),
       (325, 293553610, 7, 1),
       (326, 293554110, 7, 1),
       (327, 293570878, 7, 1),
       (328, 293573710, 7, 1),
       (329, 293574710, 7, 1),
       (330, 293574750, 7, 1),
       (331, 293574760, 7, 1),
       (332, 293574780, 7, 1),
       (333, 293601955, 7, 1),
       (334, 293611838, 7, 1),
       (335, 293641940, 7, 1),
       (336, 293642740, 7, 1),
       (337, 293643240, 7, 1),
       (338, 293644491, 7, 1),
       (339, 293644497, 7, 1),
       (340, 293644536, 7, 1),
       (341, 293644940, 7, 1),
       (342, 293645240, 7, 1),
       (343, 293646240, 7, 1),
       (344, 293647940, 7, 1),
       (345, 293648340, 7, 1),
       (346, 293648640, 7, 1),
       (347, 293648940, 7, 1),
       (348, 293649226, 7, 1),
       (349, 293649540, 7, 1),
       (350, 293649652, 7, 1),
       (351, 293649840, 7, 1),
       (352, 293680980, 7, 1),
       (353, 293682380, 7, 1),
       (354, 293683280, 7, 1),
       (355, 293683780, 7, 1),
       (356, 293683980, 7, 1),
       (357, 293684180, 7, 1),
       (358, 293684280, 7, 1),
       (359, 293684980, 7, 1),
       (360, 293685880, 7, 1),
       (361, 293686680, 7, 1),
       (362, 293687280, 7, 1),
       (363, 293687680, 7, 1),
       (364, 293688480, 7, 1),
       (365, 293688780, 7, 1),
       (366, 293688980, 7, 1),
       (367, 293689280, 7, 1),
       (368, 293700290, 7, 1),
       (369, 293700992, 7, 1),
       (370, 293738600, 7, 1),
       (371, 293741350, 7, 1),
       (372, 293755582, 7, 1),
       (373, 293755583, 7, 1),
       (374, 293755584, 7, 1),
       (375, 293755586, 7, 1),
       (376, 293758816, 7, 1),
       (377, 293758843, 7, 1),
       (378, 293758860, 7, 1),
       (379, 293775215, 7, 1),
       (380, 293783600, 7, 1),
       (381, 293784200, 7, 1),
       (382, 293793400, 7, 1),
       (383, 293794800, 7, 1),
       (384, 293798700, 7, 1),
       (385, 293818804, 7, 1),
       (386, 293818813, 7, 1),
       (387, 293818829, 7, 1),
       (388, 293818830, 7, 1),
       (389, 293818832, 7, 1),
       (390, 293821352, 7, 1),
       (391, 293821369, 7, 1),
       (392, 293841001, 7, 1),
       (393, 293841003, 7, 1),
       (394, 293841004, 7, 1),
       (395, 293841005, 7, 1),
       (396, 293841007, 7, 1),
       (397, 293864989, 7, 1),
       (398, 293868831, 7, 1),
       (399, 293868838, 7, 1),
       (400, 293868840, 7, 1),
       (401, 293868847, 7, 1),
       (402, 293868860, 7, 1),
       (403, 293868861, 7, 1),
       (404, 293868865, 7, 1),
       (405, 293868873, 7, 1),
       (406, 293868892, 7, 1),
       (407, 293884130, 7, 1),
       (408, 293884180, 7, 1),
       (409, 293887745, 7, 1),
       (410, 293887765, 7, 1),
       (411, 293887767, 7, 1),
       (412, 293898216, 7, 1),
       (413, 293900183, 7, 1),
       (414, 293905855, 7, 1),
       (415, 293907262, 7, 1),
       (416, 293952984, 7, 1),
       (417, 293953024, 7, 1),
       (418, 293953057, 7, 1),
       (419, 293953108, 7, 1),
       (420, 293953119, 7, 1),
       (421, 293955506, 7, 1),
       (422, 293955524, 7, 1),
       (423, 293955526, 7, 1),
       (424, 293955529, 7, 1),
       (425, 293955537, 7, 1),
       (426, 293955562, 7, 1),
       (427, 293974653, 7, 1),
       (428, 293977126, 7, 1),
       (429, 293977138, 7, 1),
       (430, 293977145, 7, 1),
       (431, 293981180, 7, 1),
       (432, 293981480, 7, 1),
       (433, 293981580, 7, 1),
       (434, 293981880, 7, 1),
       (435, 293982380, 7, 1),
       (436, 293982937, 7, 1),
       (437, 293982946, 7, 1),
       (438, 293982963, 7, 1),
       (439, 293982967, 7, 1),
       (440, 293982970, 7, 1),
       (441, 293982991, 7, 1),
       (442, 293983045, 7, 1),
       (443, 293983046, 7, 1),
       (444, 293983051, 7, 1),
       (445, 293983054, 7, 1),
       (446, 293983055, 7, 1),
       (447, 293983057, 7, 1),
       (448, 293983059, 7, 1),
       (449, 293983480, 7, 1),
       (450, 293983704, 7, 1),
       (451, 293983706, 7, 1),
       (452, 293983708, 7, 1),
       (453, 293983709, 7, 1),
       (454, 293983956, 7, 1),
       (455, 293983962, 7, 1),
       (456, 293984009, 7, 1),
       (457, 293984780, 7, 1),
       (458, 293986714, 7, 1),
       (459, 293986716, 7, 1),
       (460, 293986753, 7, 1),
       (461, 293986763, 7, 1),
       (462, 293986796, 7, 1),
       (463, 293986817, 7, 1),
       (464, 293986827, 7, 1),
       (465, 293986872, 7, 1),
       (466, 293986897, 7, 1),
       (467, 293986905, 7, 1),
       (468, 293986914, 7, 1),
       (469, 293986916, 7, 1),
       (470, 293986917, 7, 1),
       (471, 293986931, 7, 1),
       (472, 293986948, 7, 1),
       (473, 293986952, 7, 1),
       (474, 293986954, 7, 1),
       (475, 293986963, 7, 1),
       (476, 293986975, 7, 1),
       (477, 293987016, 7, 1),
       (478, 293987053, 7, 1),
       (479, 293987061, 7, 1),
       (480, 293987062, 7, 1),
       (481, 293987063, 7, 1),
       (482, 293987082, 7, 1),
       (483, 293987093, 7, 1),
       (484, 293987094, 7, 1),
       (485, 293987096, 7, 1),
       (486, 293987116, 7, 1),
       (487, 293987143, 7, 1),
       (488, 293987159, 7, 1),
       (489, 293987164, 7, 1),
       (490, 293987172, 7, 1),
       (491, 293994532, 7, 1),
       (492, 293998019, 7, 1),
       (493, 295116576, 7, 2),
       (494, 295118364, 7, 2),
       (495, 295119706, 7, 2),
       (496, 295123268, 7, 2),
       (497, 295124777, 7, 2),
       (498, 295143786, 7, 2),
       (499, 295145724, 7, 2),
       (500, 295150601, 7, 2),
       (501, 295153168, 7, 2),
       (502, 295167081, 7, 2),
       (503, 295188995, 7, 2),
       (504, 295304657, 7, 2),
       (505, 295355593, 7, 2),
       (506, 295359497, 7, 2),
       (507, 295359614, 7, 2),
       (508, 295359621, 7, 2),
       (509, 295359640, 7, 2),
       (510, 295359725, 7, 2),
       (511, 295359870, 7, 2),
       (512, 295359884, 7, 2),
       (513, 295360017, 7, 2),
       (514, 295360034, 7, 2),
       (515, 295360064, 7, 2),
       (516, 295406691, 7, 2),
       (517, 295437070, 7, 2),
       (518, 295484873, 7, 2),
       (519, 295485125, 7, 2),
       (520, 295485162, 7, 2),
       (521, 295485172, 7, 2),
       (522, 295500977, 7, 2),
       (523, 295501893, 7, 2),
       (524, 295502140, 7, 2),
       (525, 295502141, 7, 2),
       (526, 295502186, 7, 2),
       (527, 295502248, 7, 2),
       (528, 295502505, 7, 2),
       (529, 295502744, 7, 2),
       (530, 295502853, 7, 2),
       (531, 295518294, 7, 2),
       (532, 295519202, 7, 2),
       (533, 295520106, 7, 2),
       (534, 295569184, 7, 2),
       (535, 295595389, 7, 2),
       (536, 295686898, 7, 2),
       (537, 295693011, 7, 2),
       (538, 295711011, 7, 2),
       (539, 295733543, 7, 2),
       (540, 295772477, 7, 2),
       (541, 295772677, 7, 2),
       (542, 295911139, 7, 2),
       (543, 295914586, 7, 2),
       (544, 295917106, 7, 2),
       (545, 295928000, 7, 2),
       (546, 295931397, 7, 2),
       (547, 295938953, 7, 2),
       (548, 295949879, 7, 2),
       (549, 295954176, 7, 2),
       (550, 295971900, 7, 2),
       (551, 295978020, 7, 2),
       (552, 295979393, 7, 2),
       (553, 295979584, 7, 2),
       (554, 295983356, 7, 2),
       (555, 295990579, 7, 2),
       (556, 295995086, 7, 2),
       (557, 296031480, 7, 1),
       (558, 296049587, 7, 1),
       (559, 296119134, 7, 1),
       (560, 296129706, 7, 1),
       (561, 296226284, 7, 1),
       (562, 296260016, 7, 1),
       (563, 296390233, 7, 1),
       (564, 296404533, 7, 1),
       (565, 296404541, 7, 1),
       (566, 296430438, 7, 1),
       (567, 296471014, 7, 1),
       (568, 296488770, 7, 1),
       (569, 296555808, 7, 1),
       (570, 296571281, 7, 1),
       (571, 296588228, 7, 1),
       (572, 296617996, 7, 1),
       (573, 296634468, 7, 1),
       (574, 296680326, 7, 1),
       (575, 296680351, 7, 1),
       (576, 296701260, 7, 1),
       (577, 296774116, 7, 1),
       (578, 296788544, 7, 1),
       (579, 296804589, 7, 1),
       (580, 296804593, 7, 1),
       (581, 296804594, 7, 1),
       (582, 296804595, 7, 1),
       (583, 296804596, 7, 1),
       (584, 296804597, 7, 1),
       (585, 296804599, 7, 1),
       (586, 296804601, 7, 1),
       (587, 296880935, 7, 1),
       (588, 296880937, 7, 1),
       (589, 296880943, 7, 1),
       (590, 296893920, 7, 1),
       (591, 296904401, 7, 1),
       (592, 296904402, 7, 1),
       (593, 296904403, 7, 1),
       (594, 296906750, 7, 1),
       (595, 296906850, 7, 1),
       (596, 296908865, 7, 1),
       (597, 296928672, 7, 1),
       (598, 296928682, 7, 1),
       (599, 296939358, 7, 1),
       (600, 296939368, 7, 1),
       (601, 296949107, 7, 1),
       (602, 297011311, 7, 2),
       (603, 297011911, 7, 2),
       (604, 297019996, 7, 2),
       (605, 297104800, 7, 2),
       (606, 297106882, 7, 2),
       (607, 297110756, 7, 2),
       (608, 297114179, 7, 2),
       (609, 297117584, 7, 2),
       (610, 297117688, 7, 2),
       (611, 297120066, 7, 2),
       (612, 297125222, 7, 2),
       (613, 297127156, 7, 2),
       (614, 297134200, 7, 2),
       (615, 297142154, 7, 2),
       (616, 297143209, 7, 2),
       (617, 297143795, 7, 2),
       (618, 297144068, 7, 2),
       (619, 297144272, 7, 2),
       (620, 297144953, 7, 2),
       (621, 297145122, 7, 2),
       (622, 297145520, 7, 2),
       (623, 297145558, 7, 2),
       (624, 297145696, 7, 2),
       (625, 297145886, 7, 2),
       (626, 297146229, 7, 2),
       (627, 297146758, 7, 2),
       (628, 297147039, 7, 2),
       (629, 297149812, 7, 2),
       (630, 297156933, 7, 2),
       (631, 297162981, 7, 2),
       (632, 297165768, 7, 2),
       (633, 297166826, 7, 2),
       (634, 297174355, 7, 2),
       (635, 297174935, 7, 2),
       (636, 297175741, 7, 2),
       (637, 297183323, 7, 2),
       (638, 297185207, 7, 2),
       (639, 297186334, 7, 2),
       (640, 297191361, 7, 2),
       (641, 297196674, 7, 2),
       (642, 297480201, 7, 2),
       (643, 297494621, 7, 2),
       (644, 297494776, 7, 2),
       (645, 297533198, 7, 2),
       (646, 297640271, 7, 2),
       (647, 297698633, 7, 2),
       (648, 297721521, 7, 2),
       (649, 297742775, 7, 2),
       (650, 297748330, 7, 2),
       (651, 297750487, 7, 2),
       (652, 297794776, 7, 2),
       (653, 297821184, 7, 2),
       (654, 297821523, 7, 2),
       (655, 297821544, 7, 2),
       (656, 297822744, 7, 2),
       (657, 298055501, 7, 2),
       (658, 298073661, 7, 2),
       (659, 298127047, 7, 2),
       (660, 298138051, 7, 2),
       (661, 298143472, 7, 2),
       (662, 298149850, 7, 2),
       (663, 298152516, 7, 2),
       (664, 298155610, 7, 2),
       (665, 298157175, 7, 2),
       (666, 298175323, 7, 2),
       (667, 298180728, 7, 2),
       (668, 298193976, 7, 2),
       (669, 298217104, 7, 2),
       (670, 298228807, 7, 2),
       (671, 298233982, 7, 2),
       (672, 298277666, 7, 2),
       (673, 298285115, 7, 2),
       (674, 298485822, 7, 2),
       (675, 298485884, 7, 2),
       (676, 298485912, 7, 2),
       (677, 298485932, 7, 2),
       (678, 298485935, 7, 2),
       (679, 298486420, 7, 2),
       (680, 298714020, 7, 2),
       (681, 298730433, 7, 2),
       (682, 298757901, 7, 2),
       (683, 298862667, 7, 2),
       (684, 298863921, 7, 2),
       (685, 298907611, 7, 2),
       (686, 298909652, 7, 2),
       (687, 298922388, 7, 2),
       (688, 298939207, 7, 2),
       (689, 298944649, 7, 2),
       (690, 298960491, 7, 2),
       (691, 298963299, 7, 2),
       (692, 298964930, 7, 2),
       (693, 298972822, 7, 2),
       (694, 298987561, 7, 2),
       (695, 298991147, 7, 2),
       (696, 333063995, 7, 2),
       (697, 333063996, 7, 2),
       (698, 333066000, 7, 2),
       (699, 333066001, 7, 2),
       (700, 333066002, 7, 2),
       (701, 333066004, 7, 2),
       (702, 333066006, 7, 2),
       (703, 333066008, 7, 2),
       (704, 333066009, 7, 2),
       (705, 333066011, 7, 2),
       (706, 333066013, 7, 2),
       (707, 333070641, 7, 2),
       (708, 333092352, 7, 2),
       (709, 333095190, 7, 2),
       (710, 333242242, 7, 2),
       (711, 333242243, 7, 2),
       (712, 333320307, 7, 2),
       (713, 333321089, 7, 2),
       (714, 333360580, 7, 2),
       (715, 333362261, 7, 2),
       (716, 333362364, 7, 2),
       (717, 333367901, 7, 2),
       (718, 333369268, 7, 2),
       (719, 333369277, 7, 2),
       (720, 333462575, 7, 2),
       (721, 333469583, 7, 2),
       (722, 333469584, 7, 2),
       (723, 333469870, 7, 2),
       (724, 333469871, 7, 2),
       (725, 333469872, 7, 2),
       (726, 333469873, 7, 2),
       (727, 333469874, 7, 2),
       (728, 333469875, 7, 2),
       (729, 333469876, 7, 2),
       (730, 333469877, 7, 2),
       (731, 333469878, 7, 2),
       (732, 333469879, 7, 2),
       (733, 333469880, 7, 2),
       (734, 333469881, 7, 2),
       (735, 333469882, 7, 2),
       (736, 333469883, 7, 2),
       (737, 333469884, 7, 2),
       (738, 333469885, 7, 2),
       (739, 333469886, 7, 2),
       (740, 333469887, 7, 2),
       (741, 333469888, 7, 2),
       (742, 333469889, 7, 2),
       (743, 333469890, 7, 2),
       (744, 333469891, 7, 2),
       (745, 333469892, 7, 2),
       (746, 333469893, 7, 2),
       (747, 333469895, 7, 2),
       (748, 333469896, 7, 2),
       (749, 333469897, 7, 2),
       (750, 333469898, 7, 2),
       (751, 333469899, 7, 2),
       (752, 333469903, 7, 2),
       (753, 333469904, 7, 2),
       (754, 333469907, 7, 2),
       (755, 333469910, 7, 2),
       (756, 333469911, 7, 2),
       (757, 333469912, 7, 2),
       (758, 333469913, 7, 2),
       (759, 333469914, 7, 2),
       (760, 333469916, 7, 2),
       (761, 333469918, 7, 2),
       (762, 333469921, 7, 2),
       (763, 333469922, 7, 2),
       (764, 333469923, 7, 2),
       (765, 333469924, 7, 2),
       (766, 333469927, 7, 2),
       (767, 333469931, 7, 2),
       (768, 333469932, 7, 2),
       (769, 333469935, 7, 2),
       (770, 333469936, 7, 2),
       (771, 333469941, 7, 2),
       (772, 333469942, 7, 2),
       (773, 333469944, 7, 2),
       (774, 333469948, 7, 2),
       (775, 333469949, 7, 2),
       (776, 333469951, 7, 2),
       (777, 333469952, 7, 2),
       (778, 333469953, 7, 2),
       (779, 333469954, 7, 2),
       (780, 333469956, 7, 2),
       (781, 333469957, 7, 2),
       (782, 333469958, 7, 2),
       (783, 333469964, 7, 2),
       (784, 333469966, 7, 2),
       (785, 333469968, 7, 2),
       (786, 333469970, 7, 2),
       (787, 333469972, 7, 2),
       (788, 333469982, 7, 2),
       (789, 333469984, 7, 2),
       (790, 333469985, 7, 2),
       (791, 333469988, 7, 2),
       (792, 333469989, 7, 2),
       (793, 333469990, 7, 2),
       (794, 333469991, 7, 2),
       (795, 333469994, 7, 2),
       (796, 333469996, 7, 2),
       (797, 333469997, 7, 2),
       (798, 333580008, 7, 2),
       (799, 333580143, 7, 2),
       (800, 333582083, 7, 2),
       (801, 333584551, 7, 2),
       (802, 333584552, 7, 2),
       (803, 333584555, 7, 2),
       (804, 333584556, 7, 2),
       (805, 333584557, 7, 2),
       (806, 333584558, 7, 2),
       (807, 333584559, 7, 2),
       (808, 333584561, 7, 2),
       (809, 333584562, 7, 2),
       (810, 333584564, 7, 2),
       (811, 333584565, 7, 2),
       (812, 333586140, 7, 2),
       (813, 333586142, 7, 2),
       (814, 333586143, 7, 2),
       (815, 333586147, 7, 2),
       (816, 333586148, 7, 2),
       (817, 333586149, 7, 2),
       (818, 333586150, 7, 2),
       (819, 333586152, 7, 2),
       (820, 333586153, 7, 2),
       (821, 333586157, 7, 2),
       (822, 333586158, 7, 2),
       (823, 333586200, 7, 2),
       (824, 333586201, 7, 2),
       (825, 333586203, 7, 2),
       (826, 333586205, 7, 2),
       (827, 333586206, 7, 2),
       (828, 333586208, 7, 2),
       (829, 333586210, 7, 2),
       (830, 333586211, 7, 2),
       (831, 333586212, 7, 2),
       (832, 333586213, 7, 2),
       (833, 333586215, 7, 2),
       (834, 333586216, 7, 2),
       (835, 333586227, 7, 2),
       (836, 333586228, 7, 2),
       (837, 333586229, 7, 2),
       (838, 333586362, 7, 2),
       (839, 333587237, 7, 2),
       (840, 333587238, 7, 2),
       (841, 333588105, 7, 2),
       (842, 333588106, 7, 2),
       (843, 333588108, 7, 2),
       (844, 333588109, 7, 2),
       (845, 333588110, 7, 2),
       (846, 333588111, 7, 2),
       (847, 333588112, 7, 2),
       (848, 333588114, 7, 2),
       (849, 333588118, 7, 2),
       (850, 333588119, 7, 2),
       (851, 333588121, 7, 2),
       (852, 333588123, 7, 2),
       (853, 333588124, 7, 2),
       (854, 333588125, 7, 2),
       (855, 333588126, 7, 2),
       (856, 333588127, 7, 2),
       (857, 333588129, 7, 2),
       (858, 333589011, 7, 2),
       (859, 333589012, 7, 2),
       (860, 333589016, 7, 2),
       (861, 333589018, 7, 2),
       (862, 333589021, 7, 2),
       (863, 333589022, 7, 2),
       (864, 333589025, 7, 2),
       (865, 333589026, 7, 2),
       (866, 333589031, 7, 2),
       (867, 333589032, 7, 2),
       (868, 333589033, 7, 2),
       (869, 333589034, 7, 2),
       (870, 333589036, 7, 2),
       (871, 333589037, 7, 2),
       (872, 333589038, 7, 2),
       (873, 333589039, 7, 2),
       (874, 333651620, 7, 2),
       (875, 333651621, 7, 2),
       (876, 333651625, 7, 2),
       (877, 333651626, 7, 2),
       (878, 333670030, 7, 2),
       (879, 333708603, 7, 2),
       (880, 333708605, 7, 2),
       (881, 333708606, 7, 2),
       (882, 333708608, 7, 2),
       (883, 333708610, 7, 2),
       (884, 333708611, 7, 2),
       (885, 333708612, 7, 2),
       (886, 333708613, 7, 2),
       (887, 333708614, 7, 2),
       (888, 333708616, 7, 2),
       (889, 333708618, 7, 2),
       (890, 333709002, 7, 2),
       (891, 333709003, 7, 2),
       (892, 333709004, 7, 2),
       (893, 333709007, 7, 2),
       (894, 333709008, 7, 2),
       (895, 333709009, 7, 2),
       (896, 333709011, 7, 2),
       (897, 333709013, 7, 2),
       (898, 333709014, 7, 2),
       (899, 333709015, 7, 2),
       (900, 333709020, 7, 2),
       (901, 333709022, 7, 2),
       (902, 333709023, 7, 2),
       (903, 333709024, 7, 2),
       (904, 333709025, 7, 2),
       (905, 333709026, 7, 2),
       (906, 333711921, 7, 2),
       (907, 333773125, 7, 2),
       (908, 333841086, 7, 2),
       (909, 333860016, 7, 2),
       (910, 333894156, 7, 2),
       (911, 333919874, 7, 2),
       (912, 333919876, 7, 2),
       (913, 333919877, 7, 2),
       (914, 333919907, 7, 2),
       (915, 333993599, 7, 2),
       (916, 333996280, 7, 2),
       (917, 333996282, 7, 2),
       (918, 333996283, 7, 2),
       (919, 333996284, 7, 2),
       (920, 333996285, 7, 2),
       (921, 333996288, 7, 2),
       (922, 333996290, 7, 2),
       (923, 333996296, 7, 2),
       (924, 333997250, 7, 2),
       (925, 333997251, 7, 2),
       (926, 333997252, 7, 2),
       (927, 333997253, 7, 2),
       (928, 333997254, 7, 2),
       (929, 333997255, 7, 2),
       (930, 333997256, 7, 2),
       (931, 333997257, 7, 2),
       (932, 333997258, 7, 2),
       (933, 333997259, 7, 2),
       (934, 333999555, 7, 2),
       (935, 336023559, 7, 2),
       (936, 336023615, 7, 2),
       (937, 336024332, 7, 2),
       (938, 336024559, 7, 2),
       (939, 336024946, 7, 2),
       (940, 336039031, 7, 2),
       (941, 336108992, 7, 2),
       (942, 336112745, 7, 2),
       (943, 336227906, 7, 2),
       (944, 336265544, 7, 2),
       (945, 336320289, 7, 2),
       (946, 336324696, 7, 2),
       (947, 336328236, 7, 2),
       (948, 336331159, 7, 2),
       (949, 336331432, 7, 2),
       (950, 336331663, 7, 2),
       (951, 336332793, 7, 2),
       (952, 336332891, 7, 2),
       (953, 336332974, 7, 2),
       (954, 336333171, 7, 2),
       (955, 336335418, 7, 2),
       (956, 336335461, 7, 2),
       (957, 336336465, 7, 2),
       (958, 336336682, 7, 2),
       (959, 336339167, 7, 2),
       (960, 336339510, 7, 2),
       (961, 336339791, 7, 2),
       (962, 336339936, 7, 2),
       (963, 336340041, 7, 2),
       (964, 336340749, 7, 2),
       (965, 336341594, 7, 2),
       (966, 336341728, 7, 2),
       (967, 336342310, 7, 2),
       (968, 336342535, 7, 2),
       (969, 336343098, 7, 2),
       (970, 336343318, 7, 2),
       (971, 336343442, 7, 2),
       (972, 336343796, 7, 2),
       (973, 336343951, 7, 2),
       (974, 336344459, 7, 2),
       (975, 336344864, 7, 2),
       (976, 336345072, 7, 2),
       (977, 336345620, 7, 2),
       (978, 336345769, 7, 2),
       (979, 336345912, 7, 2),
       (980, 336346564, 7, 2),
       (981, 336392895, 7, 2),
       (982, 336465593, 7, 2),
       (983, 336465642, 7, 2),
       (984, 336465664, 7, 2),
       (985, 336473315, 7, 2),
       (986, 336495576, 7, 2),
       (987, 336564005, 7, 2),
       (988, 336564990, 7, 2),
       (989, 336573096, 7, 2),
       (990, 336584116, 7, 2),
       (991, 336588228, 7, 2),
       (992, 336600870, 7, 2),
       (993, 336621660, 7, 2),
       (994, 336731726, 7, 2),
       (995, 336733014, 7, 2),
       (996, 336733394, 7, 2),
       (997, 336780074, 7, 2),
       (998, 336780166, 7, 2),
       (999, 336792401, 7, 2),
       (1000, 336881352, 7, 2),
       (1001, 336900102, 7, 2),
       (1002, 336953136, 7, 2),
       (1003, 336954382, 7, 2),
       (1004, 336975993, 7, 2),
       (1005, 339015690, 7, 2),
       (1006, 339038585, 7, 2),
       (1007, 339040014, 7, 2),
       (1008, 339102591, 7, 2),
       (1009, 339105416, 7, 2),
       (1010, 339105569, 7, 2),
       (1011, 445034450, 7, 1),
       (1012, 445034451, 7, 1),
       (1013, 445034453, 7, 1),
       (1014, 445034454, 7, 1),
       (1015, 445034456, 7, 1),
       (1016, 445034457, 7, 1),
       (1017, 445034458, 7, 1),
       (1018, 445034459, 7, 1),
       (1019, 445034460, 7, 1),
       (1020, 445034461, 7, 1),
       (1021, 445034462, 7, 1),
       (1022, 445034463, 7, 1),
       (1023, 445115952, 7, 1),
       (1024, 445121938, 7, 1),
       (1025, 445191342, 7, 1),
       (1026, 445191348, 7, 1),
       (1027, 445191365, 7, 1),
       (1028, 445191389, 7, 1),
       (1029, 445191391, 7, 1),
       (1030, 445191396, 7, 1),
       (1031, 445191398, 7, 1),
       (1032, 445191416, 7, 1),
       (1033, 445191423, 7, 1),
       (1034, 445191439, 7, 1),
       (1035, 445191442, 7, 1),
       (1036, 445191447, 7, 1),
       (1037, 445191451, 7, 1),
       (1038, 445191452, 7, 1),
       (1039, 445191460, 7, 1),
       (1040, 445191465, 7, 1),
       (1041, 445191468, 7, 1),
       (1042, 445191473, 7, 1),
       (1043, 445191478, 7, 1),
       (1044, 445191479, 7, 1),
       (1045, 445191485, 7, 1),
       (1046, 445191487, 7, 1),
       (1047, 445191489, 7, 1),
       (1048, 445191502, 7, 1),
       (1049, 445191517, 7, 1),
       (1050, 445191546, 7, 1),
       (1051, 445191549, 7, 1),
       (1052, 445191554, 7, 1),
       (1053, 445191558, 7, 1),
       (1054, 445191565, 7, 1),
       (1055, 445191567, 7, 1),
       (1056, 445191578, 7, 1),
       (1057, 445191580, 7, 1),
       (1058, 445191582, 7, 1),
       (1059, 445191587, 7, 1),
       (1060, 445191594, 7, 1),
       (1061, 445191595, 7, 1),
       (1062, 445191598, 7, 1),
       (1063, 445191603, 7, 1),
       (1064, 445191612, 7, 1),
       (1065, 445191623, 7, 1),
       (1066, 445191624, 7, 1),
       (1067, 445191629, 7, 1),
       (1068, 445191633, 7, 1),
       (1069, 445191634, 7, 1),
       (1070, 445191640, 7, 1),
       (1071, 445191641, 7, 1),
       (1072, 445191642, 7, 1),
       (1073, 445191647, 7, 1),
       (1074, 445191670, 7, 1),
       (1075, 445197539, 7, 1),
       (1076, 445302943, 7, 1),
       (1077, 445324443, 7, 1),
       (1078, 445326318, 7, 1),
       (1079, 445326513, 7, 1),
       (1080, 445344453, 7, 1),
       (1081, 445351876, 7, 1),
       (1082, 445355593, 7, 1),
       (1083, 445420756, 7, 1),
       (1084, 445420796, 7, 1),
       (1085, 445440237, 7, 1),
       (1086, 445440520, 7, 1),
       (1087, 445440599, 7, 1),
       (1088, 445440697, 7, 1),
       (1089, 445441939, 7, 1),
       (1090, 445444580, 7, 1),
       (1091, 445444582, 7, 1),
       (1092, 445465482, 7, 1),
       (1093, 445497204, 7, 1),
       (1094, 445508769, 7, 1),
       (1095, 445508953, 7, 1),
       (1096, 445508985, 7, 1),
       (1097, 445514520, 7, 1),
       (1098, 445554003, 7, 1),
       (1099, 445554006, 7, 1),
       (1100, 445554007, 7, 1),
       (1101, 445558065, 7, 1),
       (1102, 445558067, 7, 1),
       (1103, 445558069, 7, 1),
       (1104, 445559004, 7, 1),
       (1105, 445559548, 7, 1),
       (1106, 445559549, 7, 1),
       (1107, 445559554, 7, 1),
       (1108, 445585312, 7, 1),
       (1109, 445585514, 7, 1),
       (1110, 445585571, 7, 1),
       (1111, 445587395, 7, 1),
       (1112, 445590043, 7, 1),
       (1113, 445600169, 7, 1),
       (1114, 445600224, 7, 1),
       (1115, 445600256, 7, 1),
       (1116, 445600346, 7, 1),
       (1117, 445600369, 7, 1),
       (1118, 445600387, 7, 1),
       (1119, 445600391, 7, 1),
       (1120, 445600831, 7, 1),
       (1121, 445600875, 7, 1),
       (1122, 445633062, 7, 1),
       (1123, 445633082, 7, 1),
       (1124, 445633087, 7, 1),
       (1125, 445633280, 7, 1),
       (1126, 445637400, 7, 1),
       (1127, 445649403, 7, 1),
       (1128, 445651659, 7, 1),
       (1129, 445651661, 7, 1),
       (1130, 445651663, 7, 1),
       (1131, 445651664, 7, 1),
       (1132, 445651672, 7, 1),
       (1133, 445651677, 7, 1),
       (1134, 445651681, 7, 1),
       (1135, 445651685, 7, 1),
       (1136, 445651687, 7, 1),
       (1137, 445651688, 7, 1),
       (1138, 445651692, 7, 1),
       (1139, 445651694, 7, 1),
       (1140, 445651698, 7, 1),
       (1141, 445651699, 7, 1),
       (1142, 445651710, 7, 1),
       (1143, 445651711, 7, 1),
       (1144, 445651714, 7, 1),
       (1145, 445651721, 7, 1),
       (1146, 445657300, 7, 1),
       (1147, 445666038, 7, 1),
       (1148, 445687360, 7, 1),
       (1149, 445689356, 7, 1),
       (1150, 445689359, 7, 1),
       (1151, 445689368, 7, 1),
       (1152, 445689372, 7, 1),
       (1153, 445689380, 7, 1),
       (1154, 445689390, 7, 1),
       (1155, 445689391, 7, 1),
       (1156, 445689392, 7, 1),
       (1157, 445689394, 7, 1),
       (1158, 445689397, 7, 1),
       (1159, 445691507, 7, 1),
       (1160, 445691544, 7, 1),
       (1161, 445718004, 7, 1),
       (1162, 445721063, 7, 1),
       (1163, 445730043, 7, 1),
       (1164, 445750032, 7, 1),
       (1165, 445750064, 7, 1),
       (1166, 445777539, 7, 1),
       (1167, 445777540, 7, 1),
       (1168, 445777562, 7, 1),
       (1169, 445777572, 7, 1),
       (1170, 445777573, 7, 1),
       (1171, 445777574, 7, 1),
       (1172, 445777859, 7, 1),
       (1173, 445831020, 7, 1),
       (1174, 445835984, 7, 1),
       (1175, 445842823, 7, 1),
       (1176, 445850379, 7, 1),
       (1177, 445850381, 7, 1),
       (1178, 445850382, 7, 1),
       (1179, 445850383, 7, 1),
       (1180, 445850384, 7, 1),
       (1181, 445850386, 7, 1),
       (1182, 445852558, 7, 1),
       (1183, 445852601, 7, 1),
       (1184, 445865389, 7, 1),
       (1185, 445878634, 7, 1),
       (1186, 445879200, 7, 1),
       (1187, 445880084, 7, 1),
       (1188, 445888256, 7, 1),
       (1189, 445888264, 7, 1),
       (1190, 445888269, 7, 1),
       (1191, 445888272, 7, 1),
       (1192, 445888278, 7, 1),
       (1193, 445888468, 7, 1),
       (1194, 445888622, 7, 1),
       (1195, 445888623, 7, 1),
       (1196, 445888624, 7, 1),
       (1197, 445888627, 7, 1),
       (1198, 445888760, 7, 1),
       (1199, 445906612, 7, 1),
       (1200, 445906615, 7, 1),
       (1201, 445906616, 7, 1),
       (1202, 445906621, 7, 1),
       (1203, 445911020, 7, 1),
       (1204, 445919166, 7, 1),
       (1205, 445919168, 7, 1),
       (1206, 445919169, 7, 1),
       (1207, 445919170, 7, 1),
       (1208, 445925560, 7, 1),
       (1209, 445931020, 7, 1),
       (1210, 445942225, 7, 1),
       (1211, 445946802, 7, 1),
       (1212, 445946867, 7, 1),
       (1213, 445946869, 7, 1),
       (1214, 445946905, 7, 1),
       (1215, 445946914, 7, 1),
       (1216, 445946937, 7, 1),
       (1217, 445946952, 7, 1),
       (1218, 445946957, 7, 1),
       (1219, 445946979, 7, 1),
       (1220, 445946996, 7, 1),
       (1221, 445947081, 7, 1),
       (1222, 445947124, 7, 1),
       (1223, 445947130, 7, 1),
       (1224, 445947131, 7, 1),
       (1225, 445947167, 7, 1),
       (1226, 445947226, 7, 1),
       (1227, 445947231, 7, 1),
       (1228, 445947259, 7, 1),
       (1229, 445947260, 7, 1),
       (1230, 445947276, 7, 1),
       (1231, 445947315, 7, 1),
       (1232, 445947325, 7, 1),
       (1233, 445947327, 7, 1),
       (1234, 445947374, 7, 1),
       (1235, 445947408, 7, 1),
       (1236, 445947469, 7, 1),
       (1237, 445947521, 7, 1),
       (1238, 445947522, 7, 1),
       (1239, 445947556, 7, 1),
       (1240, 445947560, 7, 1),
       (1241, 445947574, 7, 1),
       (1242, 445947576, 7, 1),
       (1243, 445947637, 7, 1),
       (1244, 445947646, 7, 1),
       (1245, 445947685, 7, 1),
       (1246, 445947687, 7, 1),
       (1247, 445947690, 7, 1),
       (1248, 445947691, 7, 1),
       (1249, 445947693, 7, 1),
       (1250, 445947752, 7, 1),
       (1251, 445947793, 7, 1),
       (1252, 445947804, 7, 1),
       (1253, 445947814, 7, 1),
       (1254, 445947840, 7, 1),
       (1255, 445947867, 7, 1),
       (1256, 445947971, 7, 1),
       (1257, 445947973, 7, 1),
       (1258, 445947988, 7, 1),
       (1259, 445947989, 7, 1),
       (1260, 445947992, 7, 1),
       (1261, 445947993, 7, 1),
       (1262, 445948029, 7, 1),
       (1263, 445948031, 7, 1),
       (1264, 445948034, 7, 1),
       (1265, 445948037, 7, 1),
       (1266, 445948038, 7, 1),
       (1267, 445948042, 7, 1),
       (1268, 445948043, 7, 1),
       (1269, 445948046, 7, 1),
       (1270, 445948049, 7, 1),
       (1271, 445951831, 7, 1),
       (1272, 445951850, 7, 1),
       (1273, 445951870, 7, 1),
       (1274, 445951876, 7, 1),
       (1275, 445961020, 7, 1),
       (1276, 445967400, 7, 1),
       (1277, 445967800, 7, 1),
       (1278, 445971020, 7, 1),
       (1279, 445975040, 7, 1),
       (1280, 445988806, 7, 1),
       (1281, 445990153, 7, 1),
       (1282, 445990162, 7, 1),
       (1283, 445990396, 7, 1),
       (1284, 445991961, 7, 1),
       (1285, 445991963, 7, 1),
       (1286, 445991964, 7, 1),
       (1287, 445995677, 7, 1),
       (1288, 445995877, 7, 1),
       (1289, 445996390, 7, 1),
       (1290, 445996607, 7, 1),
       (1291, 445996609, 7, 1),
       (1292, 445996629, 7, 1),
       (1293, 445997277, 7, 1),
       (1294, 445997477, 7, 1),
       (1295, 445999341, 7, 1),
       (1296, 447021409, 7, 1),
       (1297, 447032490, 7, 1),
       (1298, 447039099, 7, 1),
       (1299, 447042050, 7, 1),
       (1300, 447044259, 7, 1),
       (1301, 447072374, 7, 1),
       (1302, 447091250, 7, 1),
       (1303, 447091594, 7, 1),
       (1304, 447092834, 7, 1),
       (1305, 447096457, 7, 1),
       (1306, 447102670, 7, 1),
       (1307, 447102680, 7, 1),
       (1308, 447102690, 7, 1),
       (1309, 447104392, 7, 1),
       (1310, 447108945, 7, 1),
       (1311, 447109692, 7, 1),
       (1312, 447113270, 7, 1),
       (1313, 447115695, 7, 1),
       (1314, 447115714, 7, 1),
       (1315, 447117218, 7, 1),
       (1316, 447118064, 7, 1),
       (1317, 447119788, 7, 1),
       (1318, 447119839, 7, 1),
       (1319, 447120098, 7, 1),
       (1320, 447120185, 7, 1),
       (1321, 447120352, 7, 1),
       (1322, 447120489, 7, 1),
       (1323, 447120708, 7, 1),
       (1324, 447120785, 7, 1),
       (1325, 447207507, 7, 1),
       (1326, 447211911, 7, 1),
       (1327, 447222494, 7, 1),
       (1328, 447224226, 7, 1),
       (1329, 447226036, 7, 1),
       (1330, 447229403, 7, 1),
       (1331, 447231701, 7, 1),
       (1332, 447232452, 7, 1),
       (1333, 447244944, 7, 1),
       (1334, 447245450, 7, 1),
       (1335, 447245451, 7, 1),
       (1336, 447245452, 7, 1),
       (1337, 447245453, 7, 1),
       (1338, 447245886, 7, 1),
       (1339, 447290113, 7, 1),
       (1340, 447310201, 7, 1),
       (1341, 447310205, 7, 1),
       (1342, 447320996, 7, 1),
       (1343, 447330309, 7, 1),
       (1344, 447330312, 7, 1),
       (1345, 447330315, 7, 1),
       (1346, 447330316, 7, 1),
       (1347, 447330317, 7, 1),
       (1348, 447330318, 7, 1),
       (1349, 447330319, 7, 1),
       (1350, 447332580, 7, 1),
       (1351, 447338063, 7, 1),
       (1352, 447339560, 7, 1),
       (1353, 447340005, 7, 1),
       (1354, 447347625, 7, 1),
       (1355, 447349222, 7, 1),
       (1356, 447350112, 7, 1),
       (1357, 447350114, 7, 1),
       (1358, 447350118, 7, 1),
       (1359, 447351124, 7, 1),
       (1360, 447351489, 7, 1),
       (1361, 447352350, 7, 1),
       (1362, 447352564, 7, 1),
       (1363, 447352741, 7, 1),
       (1364, 447353925, 7, 1),
       (1365, 447356342, 7, 1),
       (1366, 447364454, 7, 1),
       (1367, 447376900, 7, 1),
       (1368, 447382463, 7, 1),
       (1369, 447383037, 7, 1),
       (1370, 447385763, 7, 1),
       (1371, 447389280, 7, 1),
       (1372, 447389358, 7, 1),
       (1373, 447392030, 7, 1),
       (1374, 447396428, 7, 1),
       (1375, 447396476, 7, 1),
       (1376, 447396692, 7, 1),
       (1377, 447396755, 7, 1),
       (1378, 447397081, 7, 1),
       (1379, 447397553, 7, 1),
       (1380, 447404355, 7, 1),
       (1381, 447404655, 7, 1),
       (1382, 447406455, 7, 1),
       (1383, 447413755, 7, 1),
       (1384, 447414755, 7, 1),
       (1385, 447415355, 7, 1),
       (1386, 447415755, 7, 1),
       (1387, 447437498, 7, 1),
       (1388, 447439405, 7, 1),
       (1389, 447457666, 7, 1),
       (1390, 447467135, 7, 1),
       (1391, 447467900, 7, 1),
       (1392, 447487232, 7, 1),
       (1393, 447491881, 7, 1),
       (1394, 447494666, 7, 1),
       (1395, 447502201, 7, 1),
       (1396, 447502202, 7, 1),
       (1397, 447502205, 7, 1),
       (1398, 447502206, 7, 1),
       (1399, 447502209, 7, 1),
       (1400, 447502210, 7, 1),
       (1401, 447512600, 7, 1),
       (1402, 447513684, 7, 1),
       (1403, 447516661, 7, 1),
       (1404, 447520839, 7, 1),
       (1405, 447523666, 7, 1),
       (1406, 447539381, 7, 1),
       (1407, 447558812, 7, 1),
       (1408, 447558841, 7, 1),
       (1409, 447558845, 7, 1),
       (1410, 447569233, 7, 1),
       (1411, 447575801, 7, 1),
       (1412, 447575802, 7, 1),
       (1413, 447575804, 7, 1),
       (1414, 447575806, 7, 1),
       (1415, 447575807, 7, 1),
       (1416, 447575808, 7, 1),
       (1417, 447592314, 7, 1),
       (1418, 447599039, 7, 1),
       (1419, 447599559, 7, 1),
       (1420, 447599809, 7, 1),
       (1421, 447615384, 7, 1),
       (1422, 447615387, 7, 1),
       (1423, 447615394, 7, 1),
       (1424, 447621997, 7, 1),
       (1425, 447641177, 7, 1),
       (1426, 447652325, 7, 1),
       (1427, 447653844, 7, 1),
       (1428, 447655476, 7, 1),
       (1429, 447692970, 7, 1),
       (1430, 447693617, 7, 1),
       (1431, 447713185, 7, 1),
       (1432, 447724551, 7, 1),
       (1433, 447724552, 7, 1),
       (1434, 447737014, 7, 1),
       (1435, 447737016, 7, 1),
       (1436, 447737017, 7, 1),
       (1437, 447775867, 7, 1),
       (1438, 447804041, 7, 1),
       (1439, 447820281, 7, 1),
       (1440, 447821105, 7, 1),
       (1441, 447821621, 7, 1),
       (1442, 447821986, 7, 1),
       (1443, 447822134, 7, 1),
       (1444, 447822262, 7, 1),
       (1445, 447822459, 7, 1),
       (1446, 447824716, 7, 1),
       (1447, 447824828, 7, 1),
       (1448, 447841328, 7, 1),
       (1449, 447842967, 7, 1),
       (1450, 447851038, 7, 1),
       (1451, 447851060, 7, 1),
       (1452, 447851091, 7, 1),
       (1453, 447851139, 7, 1),
       (1454, 447860744, 7, 1),
       (1455, 447865866, 7, 1),
       (1456, 447865878, 7, 1),
       (1457, 447880782, 7, 1),
       (1458, 447881811, 7, 1),
       (1459, 447882002, 7, 1),
       (1460, 447882005, 7, 1),
       (1461, 447882006, 7, 1),
       (1462, 447882072, 7, 1),
       (1463, 447882073, 7, 1),
       (1464, 447882082, 7, 1),
       (1465, 447889886, 7, 1),
       (1466, 447889899, 7, 1),
       (1467, 447907210, 7, 1),
       (1468, 447908002, 7, 1),
       (1469, 447908004, 7, 1),
       (1470, 447908031, 7, 1),
       (1471, 447908034, 7, 1),
       (1472, 447908035, 7, 1),
       (1473, 447908847, 7, 1),
       (1474, 447908851, 7, 1),
       (1475, 447909547, 7, 1),
       (1476, 447909597, 7, 1),
       (1477, 447913888, 7, 1),
       (1478, 447933911, 7, 1),
       (1479, 447933927, 7, 1),
       (1480, 447933929, 7, 1),
       (1481, 447933930, 7, 1),
       (1482, 447933934, 7, 1),
       (1483, 447933943, 7, 1),
       (1484, 447933948, 7, 1),
       (1485, 447942607, 7, 1),
       (1486, 447942610, 7, 1),
       (1487, 447942906, 7, 1),
       (1488, 447942935, 7, 1),
       (1489, 447944644, 7, 1),
       (1490, 447963400, 7, 1),
       (1491, 447978824, 7, 1),
       (1492, 447978826, 7, 1),
       (1493, 447978828, 7, 1),
       (1494, 447978831, 7, 1),
       (1495, 447985900, 7, 1),
       (1496, 447994810, 7, 1),
       (1497, 447994820, 7, 1),
       (1498, 447994830, 7, 1);

--changeset igor:4


