--liquibase formatted sql

--changeset igor:1

INSERT INTO monthly_call_service_list (id, monthly_call_service_name)
VALUES (1, 'А/пл.:План Комфорт 4'),
       (2, '3G Лайт'),
       (3, 'А/пл.:3G безлимит во все сети'),
       (4, 'А/пл.:SMS to Email/Email to SMS'),
       (5, 'А/пл.:SMS, 500'),
       (6, 'А/пл.:Безлимит минут внутри сети плюс'),
       (7, 'А/пл.:Безлимит минут во все сети'),
       (8, 'А/пл.:Безлимитный интернет'),
       (9, 'А/пл.:Безлимитный интернет до 1 Мбит/с'),
       (10, 'А/пл.:Безлимитный интернет до 2 Мбит/с'),
       (11, 'А/пл.:Безлимитный интернет до 512 Кбит/с'),
       (12, 'А/пл.:Все Включено'),
       (13, 'А/пл.:Мелофон'),
       (14, 'А/пл.:Набор услуг Компакт'),
       (15, 'А/пл.:Набор услуг Лидер'),
       (16, 'А/пл.:Набор услуг Мастер.'),
       (17, 'А/пл.:Набор услуг Мульти'),
       (18, 'А/пл.:Набор услуг Новатор.'),
       (19, 'А/пл.:Обслуживание точки доступа'),
       (20, 'А/пл.:Пакет «300 минут в другие сети»'),
       (21, 'А/пл.:Пакет «Удвоение интернет-трафика»'),
       (22, 'А/пл.:Пакет 500 SMS'),
       (23, 'А/пл.:Пакет Легкий'),
       (24, 'А/пл.:Передача данных'),
       (25, 'А/пл.:План Smart Бесконечный'),
       (26, 'А/пл.:План v-Телеметрия 110'),
       (27, 'А/пл.:План v-Телеметрия 12'),
       (28, 'А/пл.:План v-Телеметрия 160'),
       (29, 'А/пл.:План v-Телеметрия 24'),
       (30, 'А/пл.:План v-Телеметрия 45'),
       (31, 'А/пл.:План Анлим XS'),
       (32, 'А/пл.:План Бизнес Анлим 1.0'),
       (33, 'А/пл.:План Бизнес Анлим 2.0'),
       (34, 'А/пл.:План Бизнес Анлим 4.0'),
       (35, 'А/пл.:План Бизнес Анлим VIP'),
       (36, 'А/пл.:План Бизнес-план'),
       (37, 'А/пл.:План Бизнес-план 1.0'),
       (38, 'А/пл.:План Бизнес-план 2.0'),
       (39, 'А/пл.:План Бизнес-план 3.0'),
       (40, 'А/пл.:План Бизнес-план 4.0'),
       (41, 'А/пл.:План Комфорт'),
       (42, 'А/пл.:План Комфорт 2+ для бизнеса'),
       (43, 'А/пл.:План Комфорт 4+ для бизнеса'),
       (44, 'А/пл.:План Комфорт M'),
       (45, 'А/пл.:План Комфорт+ для бизнеса'),
       (46, 'А/пл.:План Конструктор'),
       (47, 'А/пл.:План Корпоративный Бизнес 1'),
       (48, 'А/пл.:План Корпоративный Бизнес 2'),
       (49, 'А/пл.:План Корпоративный ПЛЮС'),
       (50, 'А/пл.:План Передача данных'),
       (51, 'А/пл.:План Раздавай Wi-Fi 75'),
       (52, 'А/пл.:План Своё решение.Компакт'),
       (53, 'А/пл.:План Своё решение.Лидер'),
       (54, 'А/пл.:План Своё решение.Мастер'),
       (55, 'А/пл.:План Своё решение.Мульти'),
       (56, 'А/пл.:План Своё решение.Новатор'),
       (57, 'А/пл.:План Специальный WEB 16'),
       (58, 'А/пл.:План Специальный WEB 2.5'),
       (59, 'А/пл.:План Специальный WEB 250'),
       (60, 'А/пл.:План Специальный WEB 4'),
       (61, 'А/пл.:План Специальный WEB 4.5'),
       (62, 'А/пл.:План Специальный WEB 8'),
       (63, 'А/пл.:План Специальный WEB 900'),
       (64, 'А/пл.:План Специальный WEB Старт'),
       (65, 'А/пл.:План Телеметрия 35'),
       (66, 'А/пл.:План Технологический безлимит VIP'),
       (67, 'А/пл.:Роуминг 60 мин. +40 SMS (РФ)'),
       (68, 'А/пл.:Статический внутренний IP-адрес (2 категории)'),
       (69, 'А/пл.:Статический публичный IP-адрес'),
       (70, 'Абонентская плата'),
       (71, 'Абонентская плата мелодии дня'),
       (72, 'Абонентская плата услуги ТОНИНГ'),
       (73, 'Антиопределитель номера'),
       (74, 'Безлимит Mini'),
       (75, 'Безлимит VIP'),
       (76, 'Безлимит интернета (до 1 Мбит/сек)'),
       (77, 'Безлимит интернета (до 2 Мбит/сек)'),
       (78, 'Безлимит интернета (до 512 Кбит/сек)'),
       (79, 'Безлимит интернета на Умном бизнесе 2 (до 2 Мбит/сек)'),
       (80, 'Безлимит на YouTube'),
       (81, 'Безлимит на все сети – бизнес'),
       (82, 'Безлимитище+'),
       (83, 'БИТ'),
       (84, 'Будь в курсе: подписка В мире непознанного'),
       (85, 'Будь в курсе: подписка День в истории'),
       (86, 'Будь в курсе: подписка МР3'),
       (87, 'Будь в курсе: подписка на Видео'),
       (88, 'Будь в курсе: подписка на Катастрофы века'),
       (89, 'Будь в курсе: подписка на Мужчина - инструкция по применению'),
       (90, 'Будь в курсе: подписка на Новости в мире'),
       (91, 'Будь в курсе: подписка на Новости звездной жизни'),
       (92, 'Будь в курсе: подписка на Новость дня в Республике Беларусь'),
       (93, 'Будь в курсе: подписка на РБ КВН Лучшее'),
       (94, 'Все сети(Умный бизнес 2)'),
       (95, 'Добавление услуги Безлимит интернета на Умном бизнесе 2 (до 2 Мбит/сек)'),
       (96, 'Добавление услуги ЗГП Льготный абонент'),
       (97, 'Добавление услуги МиниБИТ'),
       (98, 'Добавление услуги Повышение скорости (до 1 Мбит/сек)'),
       (99, 'Добавление услуги Предоставление eSIM'),
       (100, 'Добавление услуги Технологическая: Смена владельца (-50%)'),
       (101, 'Добровольная блокировка'),
       (102, 'Доступ к Вместе'),
       (103, 'Доступ к услуге Apps Club'),
       (104, 'Доступ к услуге Караоке'),
       (105, 'Доступ к услуге Карточки'),
       (106, 'Изменение тарифного плана (5,3 руб.)v1'),
       (107, 'Инет 2'),
       (108, 'Интернет 0-100 МБ'),
       (109, 'Интернет 1 ГБ - 2 ГБ'),
       (110, 'Интернет 100-250 МБ'),
       (111, 'Интернет 10-15 ГБ'),
       (112, 'Интернет 15-30 ГБ'),
       (113, 'Интернет 2-5 ГБ'),
       (114, 'Интернет 250-500 МБ'),
       (115, 'Интернет 5-10 ГБ'),
       (116, 'Интернет-браузинг на месяц'),
       (117, 'Корректировка за SMS'),
       (118, 'МиниБИТ'),
       (119, 'Минимальная обязательная плата за трафик'),
       (120, 'Минимальная обязательная плата за трафик (Бизнес Unlim)'),
       (121, 'МТС Music на месяц'),
       (122, 'МТС Киоск'),
       (123, 'МТС Телематика 100'),
       (124, 'МТС Телематика 20'),
       (125, 'МТС Телематика 40'),
       (126, 'МТС Телематика 70'),
       (127, 'Музыкальный плеер, в сутки'),
       (128, 'Персональный ГУДОК'),
       (129, 'Повышение скорости (до 1 Мбит/сек)'),
       (130, 'Повышение скорости (до 2 Мбит/сек)'),
       (131, 'Под защитой'),
       (132, 'Подписка на «Приложение Engster»'),
       (133, 'Подписка на «Смеховызов»'),
       (134, 'Подписка на портал «Funbox, Плеер»'),
       (135, 'Подписка на портал «Funbox, Психологические тесты»'),
       (136, 'Подписка на услугу «Знакомства с МТС»'),
       (137, 'Режим модема (в сут.)'),
       (138, 'СмартБИТ'),
       (139, 'Смена Sim-карты'),
       (140, 'СуперБИТ'),
       (141, 'Телематика-5-Сервер'),
       (142, 'Товар в рассрочку'),
       (143, 'Доступ к услуге Apps Club '),
       (144, 'Доступ к услуге Караоке '),
       (145, 'Доступ к услуге Карточки '),
       (146, 'Доступ к Вместе '),
       (147, 'Оплата парковки'),
       (148, 'Интернет 500 МБ - 1 ГБ'),
       (149, 'Добавление услуги Безлимит на YouTube'),
       (150, 'Добавление услуги Турбокнопка 100 МБ'),
       (151, 'Интервал в роуминге_0-50 МБ'),
       (152, 'Добавление услуги Повышение скорости (до 2 Мбит/сек)'),
       (153, 'Подписка на «Царь горы»'),
       (154, 'Добавление услуги Инет 2'),
       (155, 'Кор-ка за исходящие звонки (роуминг)'),
       (156, 'Кор-ка за входящие звонки (роуминг)'),
       (157, 'Турбокнопка'),
       (158, 'Безлимит во все сети – бизнес'),
       (159, 'Роуминг ТОП 5 ГБ'),
       (160, 'Роуминг ТОП 1 ГБ'),
       (161, 'А/пл.:Роуминг ТОП 1 ГБ (для бизнеса)'),
       (162, 'Добавление услуги Турбокнопка 250 МБ'),
       (163, 'Подписка на «Уроки английского»'),
       (164, 'Семья здесь'),
       (165, 'Добавление услуги Безлимит на сутки'),
       (166, 'Добавление услуги Антиопределитель номера'),
       (167, 'МТС Пресса'),
       (168, 'Детализация разговоров за период'),
       (169, 'Книги с Литрес, Стандарт'),
       (170, 'Добавление услуги БИТ'),
       (171, 'Добавление услуги SMS Роуминг'),
       (172, 'Добавление услуги Телематика-5-Сервер');


--changeset igor:2

INSERT INTO phone_number_monthly_call_service_list (number_id, monthly_call_service_list_id)
VALUES (173, 1),
       (561, 3),
       (173, 6),
       (561, 6),
       (1377, 6),
       (1381, 6),
       (1382, 6),
       (1383, 6),
       (1384, 6),
       (1385, 6),
       (1386, 6),
       (35, 7),
       (84, 7),
       (245, 7),
       (557, 7),
       (574, 7),
       (579, 7),
       (1380, 7),
       (1396, 7),
       (1432, 7),
       (1483, 7),
       (25, 8),
       (36, 8),
       (83, 8),
       (97, 8),
       (101, 8),
       (105, 8),
       (173, 8),
       (209, 8),
       (210, 8),
       (252, 8),
       (303, 8),
       (313, 8),
       (315, 8),
       (321, 8),
       (323, 8),
       (335, 8),
       (336, 8),
       (340, 8),
       (341, 8),
       (342, 8),
       (344, 8),
       (346, 8),
       (351, 8),
       (352, 8),
       (354, 8),
       (355, 8),
       (356, 8),
       (357, 8),
       (358, 8),
       (359, 8),
       (360, 8),
       (362, 8),
       (363, 8),
       (364, 8),
       (365, 8),
       (366, 8),
       (367, 8),
       (379, 8),
       (387, 8),
       (409, 8),
       (415, 8),
       (425, 8),
       (432, 8),
       (434, 8),
       (435, 8),
       (449, 8),
       (457, 8),
       (564, 8),
       (581, 8),
       (585, 8),
       (587, 8),
       (588, 8),
       (595, 8),
       (1011, 8),
       (1012, 8),
       (1013, 8),
       (1014, 8),
       (1015, 8),
       (1016, 8),
       (1017, 8),
       (1018, 8),
       (1019, 8),
       (1020, 8),
       (1022, 8),
       (1080, 8),
       (1102, 8),
       (1103, 8),
       (1190, 8),
       (1192, 8),
       (1210, 8),
       (1342, 8),
       (1395, 8),
       (1400, 8),
       (1418, 8),
       (1455, 8),
       (1466, 8),
       (1468, 8),
       (1490, 8),
       (1492, 8),
       (1496, 8),
       (574, 9),
       (1348, 9),
       (325, 10),
       (392, 10),
       (592, 10),
       (2, 11),
       (3, 11),
       (4, 11),
       (5, 11),
       (6, 11),
       (7, 11),
       (8, 11),
       (9, 11),
       (10, 11),
       (11, 11),
       (12, 11),
       (13, 11),
       (14, 11),
       (15, 11),
       (16, 11),
       (17, 11),
       (18, 11),
       (76, 11),
       (84, 11),
       (220, 11),
       (370, 11),
       (567, 11),
       (569, 11),
       (579, 11),
       (1277, 11),
       (1380, 11),
       (1483, 11),
       (1498, 11),
       (2, 36),
       (3, 36),
       (4, 36),
       (5, 36),
       (6, 36),
       (7, 36),
       (8, 36),
       (9, 36),
       (10, 36),
       (11, 36),
       (12, 36),
       (13, 36),
       (14, 36),
       (15, 36),
       (16, 36),
       (17, 36),
       (18, 36),
       (27, 36),
       (33, 36),
       (35, 36),
       (37, 36),
       (43, 36),
       (50, 36),
       (51, 36),
       (76, 36),
       (84, 36),
       (94, 36),
       (99, 36),
       (100, 36),
       (125, 36),
       (172, 36),
       (179, 36),
       (206, 36),
       (220, 36),
       (234, 36),
       (242, 36),
       (245, 36),
       (304, 36),
       (317, 36),
       (325, 36),
       (329, 36),
       (331, 36),
       (370, 36),
       (381, 36),
       (382, 36),
       (383, 36),
       (388, 36),
       (392, 36),
       (410, 36),
       (559, 36),
       (560, 36),
       (567, 36),
       (569, 36),
       (574, 36),
       (579, 36),
       (582, 36),
       (1100, 36),
       (1104, 36),
       (1120, 36),
       (1125, 36),
       (1147, 36),
       (1171, 36),
       (1172, 36),
       (1184, 36),
       (1189, 36),
       (1193, 36),
       (1198, 36),
       (1326, 36),
       (1346, 36),
       (1348, 36),
       (1373, 36),
       (1380, 36),
       (1389, 36),
       (1394, 36),
       (1396, 36),
       (1398, 36),
       (1401, 36),
       (1413, 36),
       (1414, 36),
       (1416, 36),
       (1432, 36),
       (1436, 36),
       (1470, 36),
       (1472, 36),
       (1480, 36),
       (1481, 36),
       (1483, 36),
       (1484, 36),
       (1494, 36),
       (1495, 36),
       (1498, 36),
       (592, 37),
       (1096, 37),
       (1367, 37),
       (1405, 37),
       (82, 38),
       (98, 38),
       (216, 38),
       (229, 38),
       (233, 38),
       (254, 38),
       (324, 38),
       (373, 38),
       (389, 38),
       (408, 38),
       (423, 38),
       (424, 38),
       (563, 38),
       (591, 38),
       (1112, 38),
       (1169, 38),
       (1188, 38),
       (1205, 38),
       (1277, 38),
       (1285, 38),
       (1391, 38),
       (1419, 38),
       (1482, 38),
       (557, 40),
       (561, 41),
       (25, 42),
       (83, 42),
       (97, 42),
       (101, 42),
       (208, 42),
       (209, 42),
       (210, 42),
       (238, 42),
       (252, 42),
       (303, 42),
       (315, 42),
       (321, 42),
       (335, 42),
       (336, 42),
       (340, 42),
       (341, 42),
       (342, 42),
       (344, 42),
       (346, 42),
       (351, 42),
       (352, 42),
       (354, 42),
       (355, 42),
       (356, 42),
       (357, 42),
       (358, 42),
       (359, 42),
       (360, 42),
       (362, 42),
       (363, 42),
       (364, 42),
       (365, 42),
       (366, 42),
       (367, 42),
       (379, 42),
       (387, 42),
       (409, 42),
       (415, 42),
       (425, 42),
       (432, 42),
       (434, 42),
       (435, 42),
       (449, 42),
       (457, 42),
       (587, 42),
       (588, 42),
       (1011, 42),
       (1012, 42),
       (1013, 42),
       (1014, 42),
       (1015, 42),
       (1016, 42),
       (1017, 42),
       (1018, 42),
       (1019, 42),
       (1020, 42),
       (1022, 42),
       (1080, 42),
       (1102, 42),
       (1103, 42),
       (1190, 42),
       (1192, 42),
       (1210, 42),
       (1342, 42),
       (1395, 42),
       (1400, 42),
       (1418, 42),
       (1425, 42),
       (1455, 42),
       (1466, 42),
       (1490, 42),
       (1492, 42),
       (1496, 42),
       (105, 43),
       (313, 43),
       (323, 43),
       (581, 43),
       (585, 43),
       (595, 43),
       (1468, 43),
       (1377, 44),
       (1381, 44),
       (1382, 44),
       (1383, 44),
       (1384, 44),
       (1385, 44),
       (1386, 44),
       (36, 45),
       (564, 45),
       (122, 48),
       (123, 48),
       (261, 48),
       (1097, 48),
       (1127, 48),
       (1146, 48),
       (1392, 48),
       (19, 49),
       (22, 49),
       (23, 49),
       (24, 49),
       (26, 49),
       (28, 49),
       (29, 49),
       (34, 49),
       (39, 49),
       (40, 49),
       (41, 49),
       (44, 49),
       (46, 49),
       (48, 49),
       (49, 49),
       (52, 49),
       (53, 49),
       (54, 49),
       (55, 49),
       (57, 49),
       (60, 49),
       (62, 49),
       (63, 49),
       (64, 49),
       (65, 49),
       (66, 49),
       (67, 49),
       (68, 49),
       (69, 49),
       (73, 49),
       (74, 49),
       (75, 49),
       (107, 49),
       (171, 49),
       (174, 49),
       (175, 49),
       (176, 49),
       (177, 49),
       (207, 49),
       (211, 49),
       (213, 49),
       (214, 49),
       (215, 49),
       (217, 49),
       (219, 49),
       (222, 49),
       (223, 49),
       (225, 49),
       (226, 49),
       (227, 49),
       (228, 49),
       (230, 49),
       (231, 49),
       (232, 49),
       (237, 49),
       (240, 49),
       (244, 49),
       (246, 49),
       (249, 49),
       (251, 49),
       (258, 49),
       (259, 49),
       (260, 49),
       (312, 49),
       (318, 49),
       (319, 49),
       (320, 49),
       (348, 49),
       (372, 49),
       (376, 49),
       (377, 49),
       (378, 49),
       (407, 49),
       (413, 49),
       (421, 49),
       (426, 49),
       (562, 49),
       (565, 49),
       (568, 49),
       (572, 49),
       (573, 49),
       (580, 49),
       (583, 49),
       (586, 49),
       (589, 49),
       (593, 49),
       (594, 49),
       (599, 49),
       (1092, 49),
       (1094, 49),
       (1095, 49),
       (1098, 49),
       (1099, 49),
       (1105, 49),
       (1107, 49),
       (1114, 49),
       (1115, 49),
       (1116, 49),
       (1117, 49),
       (1118, 49),
       (1119, 49),
       (1122, 49),
       (1123, 49),
       (1124, 49),
       (1163, 49),
       (1166, 49),
       (1167, 49),
       (1168, 49),
       (1170, 49),
       (1187, 49),
       (1191, 49),
       (1194, 49),
       (1196, 49),
       (1197, 49),
       (1202, 49),
       (1206, 49),
       (1207, 49),
       (1281, 49),
       (1282, 49),
       (1283, 49),
       (1284, 49),
       (1286, 49),
       (1287, 49),
       (1288, 49),
       (1290, 49),
       (1291, 49),
       (1292, 49),
       (1293, 49),
       (1306, 49),
       (1333, 49),
       (1335, 49),
       (1338, 49),
       (1340, 49),
       (1343, 49),
       (1344, 49),
       (1345, 49),
       (1347, 49),
       (1349, 49),
       (1356, 49),
       (1357, 49),
       (1397, 49),
       (1399, 49),
       (1408, 49),
       (1409, 49),
       (1415, 49),
       (1427, 49),
       (1433, 49),
       (1434, 49),
       (1437, 49),
       (1438, 49),
       (1459, 49),
       (1460, 49),
       (1461, 49),
       (1462, 49),
       (1463, 49),
       (1464, 49),
       (1467, 49),
       (1474, 49),
       (1477, 49),
       (1489, 49),
       (1491, 49),
       (1497, 49),
       (1161, 56),
       (888, 82),
       (25, 142),
       (83, 142),
       (84, 142),
       (209, 142),
       (210, 142),
       (341, 142),
       (346, 142),
       (366, 142),
       (379, 142),
       (1011, 142),
       (1012, 142),
       (1013, 142),
       (1014, 142),
       (1015, 142),
       (1017, 142),
       (1018, 142),
       (1020, 142),
       (1022, 142),
       (1103, 142),
       (1380, 142),
       (1385, 142),
       (1395, 142),
       (1418, 142),
       (1455, 142),
       (1466, 142),
       (1490, 142),
       (1496, 142),
       (290, 120),
       (301, 119),
       (523, 119),
       (701, 120),
       (703, 119),
       (704, 120),
       (755, 119),
       (794, 120),
       (796, 119),
       (832, 120),
       (887, 119),
       (888, 119),
       (895, 119),
       (912, 119),
       (982, 119),
       (983, 119),
       (994, 119),
       (995, 119),
       (996, 119),
       (1001, 119),
       (1006, 119);


--changeset igor:3

INSERT INTO landline_number (number)
VALUES ('375212350445'),
       ('375212350439'),
       ('375212205138'),
       ('375212350433'),
       ('375212690163'),
       ('375212350458'),
       ('375212350429'),
       ('375212693030'),
       ('375216224514'),
       ('375212671180'),
       ('375212670282'),
       ('375212692440'),
       ('375212205653'),
       ('375212670310'),
       ('375212207155'),
       ('375212690164'),
       ('375212273072'),
       ('375214482292'),
       ('375212275297'),
       ('375212670293'),
       ('375212276863'),
       ('375212671178'),
       ('375212285168'),
       ('375212690135'),
       ('375212350408'),
       ('375212692288'),
       ('375212350425'),
       ('375213842233'),
       ('375212350428'),
       ('375212670228'),
       ('375212350432'),
       ('375212670285'),
       ('375212350444'),
       ('375212670297'),
       ('375212350446'),
       ('375212670401'),
       ('375212350447'),
       ('375212671179'),
       ('375212350449'),
       ('375212673517'),
       ('375212350452'),
       ('375212205134'),
       ('375212350454'),
       ('375212692277'),
       ('375212205125'),
       ('375212692319'),
       ('375212426066'),
       ('375212692745'),
       ('375212431716'),
       ('375214328089'),
       ('375222274476'),
       ('375212670215'),
       ('375212205191'),
       ('375212692743'),
       ('375213369151'),
       ('375212693038'),
       ('375212350405'),
       ('375212671110'),
       ('375212350406'),
       ('375212693022'),
       ('375212350407'),
       ('375212695777'),
       ('375212205746'),
       ('375215441815'),
       ('375212350409'),
       ('375212690232'),
       ('375212350410'),
       ('375212693013'),
       ('375212350411'),
       ('375212201634'),
       ('375212350412'),
       ('375212695522'),
       ('375212350414'),
       ('375212963408'),
       ('375212350415'),
       ('375213942726'),
       ('375212350417'),
       ('375212271408'),
       ('375212350418'),
       ('375212275286'),
       ('375212350419'),
       ('375212692318'),
       ('375212350420'),
       ('375212693009'),
       ('375212350421'),
       ('375212693018'),
       ('375212350422'),
       ('375212693026'),
       ('375212350423'),
       ('375212693034'),
       ('375212350424'),
       ('375212693777'),
       ('375212205749'),
       ('375212695577'),
       ('375212350426'),
       ('375212939225'),
       ('375212207154'),
       ('375213051908'),
       ('375212201635'),
       ('375213837549'),
       ('375212350430'),
       ('375212350403'),
       ('375212205532'),
       ('375212670289'),
       ('375212201647'),
       ('375212271453'),
       ('375212350434'),
       ('375212275082'),
       ('375212350435'),
       ('375212275911'),
       ('375212350436'),
       ('375212205743'),
       ('375212350437'),
       ('375212692324'),
       ('375212350438'),
       ('375212693007'),
       ('375212201801'),
       ('375212693011'),
       ('375212350440'),
       ('375212693016'),
       ('375212350441'),
       ('375212693020'),
       ('375212350442'),
       ('375212693024'),
       ('375212350443'),
       ('375212693028'),
       ('375212207165'),
       ('375212693032'),
       ('375212205100'),
       ('375212693036'),
       ('375212207341'),
       ('375212693040'),
       ('375212207743'),
       ('375212695500'),
       ('375212350448'),
       ('375212695544'),
       ('375212207745'),
       ('375212695599'),
       ('375212350450'),
       ('375212698800'),
       ('375212350451'),
       ('375212939291'),
       ('375212209587'),
       ('375212963623'),
       ('375212350453'),
       ('375213331401'),
       ('375212217722'),
       ('375213740339'),
       ('375212350455'),
       ('375213838749'),
       ('375212350456'),
       ('375213957140'),
       ('375212350457'),
       ('375214741233'),
       ('375212241281'),
       ('375212350404'),
       ('375212350459'),
       ('375212271406'),
       ('375212364112'),
       ('375212271452'),
       ('375212373517'),
       ('375212670411'),
       ('375212242255'),
       ('375212205717'),
       ('375212246261'),
       ('375212275135'),
       ('375212438933'),
       ('375212205724'),
       ('375212439596'),
       ('375212205734'),
       ('375212439597'),
       ('375212279171'),
       ('375212439598'),
       ('375212692299'),
       ('375212439601'),
       ('375212285169'),
       ('375212439602'),
       ('375212285271'),
       ('375212439603'),
       ('375212290332'),
       ('375212439604'),
       ('375212693008'),
       ('375212439605'),
       ('375212693010'),
       ('375212439606'),
       ('375212693012'),
       ('375212439607'),
       ('375212693015'),
       ('375212439608'),
       ('375212693017'),
       ('375212439609'),
       ('375212693019'),
       ('375212439610'),
       ('375212693021'),
       ('375212439611'),
       ('375212693023'),
       ('375212439612'),
       ('375212693025'),
       ('375212439613'),
       ('375212693027'),
       ('375212439614'),
       ('375212693029'),
       ('375212439615'),
       ('375212693031'),
       ('375212439616'),
       ('375212693033'),
       ('375212439617'),
       ('375212693035'),
       ('375212439618'),
       ('375212693037'),
       ('375215750123'),
       ('375212693039'),
       ('375216501367'),
       ('375212693069'),
       ('375216508112'),
       ('375212694777'),
       ('375212255125'),
       ('375212695511'),
       ('375215657134'),
       ('375212695533'),
       ('375212485739'),
       ('375212695566'),
       ('375212551281'),
       ('375212695588'),
       ('375212552255'),
       ('375212695656'),
       ('375212599003'),
       ('375212698777'),
       ('375212643558'),
       ('375212939200'),
       ('375212670111'),
       ('375212939238'),
       ('375212670127'),
       ('375212963406'),
       ('375212670134'),
       ('375212963453'),
       ('375212670135'),
       ('375213042070'),
       ('375212670138'),
       ('375213244459'),
       ('375212670172'),
       ('375213351401'),
       ('375212670179'),
       ('375213553864'),
       ('375212670191'),
       ('375213750339'),
       ('375212255883'),
       ('375213838168'),
       ('375212267383'),
       ('375212350401'),
       ('375212670244'),
       ('375213952726'),
       ('375212670268'),
       ('375212350402'),
       ('375212670275'),
       ('375214536833'),
       ('375212670279'),
       ('375215367566'),
       ('375212670281'),
       ('375215521236'),
       ('375212267448'),
       ('375212270623'),
       ('375232378601'),
       ('375212439620'),
       ('375216501368'),
       ('375212439621'),
       ('375216524514'),
       ('375212439622'),
       ('375223372977'),
       ('375212439623'),
       ('375172786134'),
       ('375212439624'),
       ('375214509088'),
       ('375212699071');
