--liquibase formatted sql

--changeset igor:1

INSERT INTO mobile_operator (id, operator_name)
VALUES (1, 'A1'),
       (2, 'MTS');

--changeset igor:2

INSERT INTO group_number (id, group_number_name)
VALUES (1, 'Руководители'),
       (2, 'Специалисты'),
       (3, 'Дежурные службы'),
       (4, 'Водители легковых автомобилей'),
       (5, 'Водители грузовых автомобилей'),
       (6, 'Удерживаем все А1'),
       (7, 'Удерживаем все МТС'),
       (8, 'Сельское хозяйство'),
       (9, 'Общая группа');

select setval('group_number_id_seq', (select max(id) from group_number));

--changeset igor:3

INSERT INTO phone_number (id, number, group_number_id, mobile_operator_id)
VALUES (1, 291111111, 6, 1),
       (2, 291111112, 1, 1),
       (3, 291111113, 1, 1),
       (4, 291111114, 1, 1),
       (5, 291111115, 1, 1),
       (6, 291111116, 1, 1),
       (7, 291111117, 1, 1),
       (8, 291111118, 1, 1),
       (9, 291111119, 1, 1),
       (10, 291111120, 1, 1),
       (11, 291111121, 1, 1),
       (12, 291111122, 1, 1),
       (13, 291111123, 1, 1),
       (14, 291111124, 1, 1),
       (15, 291111125, 1, 1),
       (16, 291111126, 1, 1),
       (17, 291111127, 1, 1),
       (18, 291111128, 1, 1),
       (19, 291111129, 2, 1),
       (20, 291111130, 3, 1),
       (21, 291111131, 1, 1),
       (22, 291111132, 1, 1),
       (23, 291111133, 1, 1),
       (24, 291111134, 2, 1),
       (25, 291111135, 1, 1),
       (26, 291111136, 2, 1),
       (27, 291111137, 2, 1),
       (28, 291111138, 2, 1),
       (29, 291111139, 2, 1),
       (30, 291111140, 6, 1),
       (31, 291111141, 3, 1),
       (32, 291111142, 6, 1),
       (33, 291111143, 2, 1),
       (34, 291111144, 1, 1),
       (35, 291111145, 1, 1),
       (36, 291111146, 1, 1),
       (37, 291111147, 1, 1),
       (38, 291111148, 6, 1),
       (39, 291111149, 2, 1),
       (40, 291111150, 2, 1),
       (41, 291111151, 2, 1),
       (42, 291111152, 6, 1),
       (43, 291111153, 2, 1),
       (44, 291111154, 4, 1),
       (45, 291111155, 6, 1),
       (46, 291111156, 2, 1),
       (47, 291111157, 2, 1),
       (48, 291111158, 2, 1),
       (49, 291111159, 2, 1),
       (50, 291111160, 2, 1),
       (51, 291111161, 2, 1),
       (52, 291111162, 2, 1),
       (53, 291111163, 1, 1),
       (54, 291111164, 2, 1),
       (55, 291111165, 1, 1),
       (56, 291111166, 6, 1),
       (57, 291111167, 2, 1),
       (58, 291111168, 6, 1),
       (59, 291111169, 6, 1),
       (60, 291111170, 1, 1),
       (61, 291111171, 3, 1),
       (62, 291111172, 2, 1),
       (63, 291111173, 2, 1),
       (64, 291111174, 5, 1),
       (65, 291111175, 2, 1),
       (66, 291111176, 1, 1),
       (67, 291111177, 2, 1),
       (68, 291111178, 2, 1),
       (69, 291111179, 2, 1),
       (70, 291111180, 3, 1),
       (71, 291111181, 6, 1),
       (72, 291111182, 6, 1),
       (73, 291111183, 2, 1),
       (74, 291111184, 2, 1),
       (75, 291111185, 2, 1),
       (76, 291111186, 1, 1),
       (77, 291111187, 3, 1),
       (78, 291111188, 3, 1),
       (79, 291111189, 6, 1),
       (80, 291111190, 3, 1),
       (81, 291111191, 3, 1),
       (82, 291111192, 1, 1),
       (83, 291111193, 1, 1),
       (84, 291111194, 2, 1),
       (85, 291111195, 3, 1),
       (86, 291111196, 3, 1),
       (87, 291111197, 3, 1),
       (88, 291111198, 3, 1),
       (89, 291111199, 3, 1),
       (90, 291111200, 3, 1),
       (91, 291111201, 6, 1),
       (92, 291111202, 6, 1),
       (93, 291111203, 3, 1),
       (94, 291111204, 2, 1),
       (95, 291111205, 4, 1),
       (96, 291111206, 3, 1),
       (97, 291111207, 1, 1),
       (98, 291111208, 1, 1),
       (99, 291111209, 2, 1),
       (100, 291111210, 2, 1),
       (101, 291111211, 1, 1),
       (102, 291111212, 3, 1),
       (103, 291111213, 3, 1),
       (104, 291111214, 6, 1),
       (105, 291111215, 1, 1),
       (106, 291111216, 3, 1),
       (107, 291111217, 2, 1),
       (108, 291111218, 3, 1),
       (109, 291111219, 3, 1),
       (110, 291111220, 3, 1),
       (111, 291111221, 3, 1),
       (112, 291111222, 3, 1),
       (113, 291111223, 3, 1),
       (114, 291111224, 3, 1),
       (115, 291111225, 3, 1),
       (116, 291111226, 3, 1),
       (117, 291111227, 3, 1),
       (118, 291111228, 3, 1),
       (119, 291111229, 3, 1),
       (120, 291111230, 3, 1),
       (121, 291111231, 2, 1),
       (122, 291111232, 2, 1),
       (123, 291111233, 2, 1),
       (124, 291111234, 3, 1),
       (125, 291111235, 1, 1),
       (126, 291111236, 3, 1),
       (127, 291111237, 3, 1),
       (128, 291111238, 3, 1),
       (129, 291111239, 3, 1),
       (130, 291111240, 3, 1),
       (131, 291111241, 3, 1),
       (132, 291111242, 3, 1),
       (133, 291111243, 3, 1),
       (134, 291111244, 3, 1),
       (135, 291111245, 3, 1),
       (136, 291111246, 3, 1),
       (137, 291111247, 3, 1),
       (138, 291111248, 3, 1),
       (139, 291111249, 3, 1),
       (140, 291111250, 3, 1),
       (141, 291111251, 3, 1),
       (142, 291111252, 3, 1),
       (143, 291111253, 3, 1),
       (144, 291111254, 3, 1),
       (145, 291111255, 3, 1),
       (146, 291111256, 3, 1),
       (147, 291111257, 3, 1),
       (148, 291111258, 3, 1),
       (149, 291111259, 3, 1),
       (150, 291111260, 3, 1),
       (151, 291111261, 3, 1),
       (152, 291111262, 3, 1),
       (153, 291111263, 3, 1),
       (154, 291111264, 3, 1),
       (155, 291111265, 3, 1),
       (156, 291111266, 3, 1),
       (157, 291111267, 3, 1),
       (158, 291111268, 3, 1),
       (159, 291111269, 3, 1),
       (160, 291111270, 3, 1),
       (161, 291111271, 3, 1),
       (162, 291111272, 3, 1),
       (163, 291111273, 3, 1),
       (164, 291111274, 3, 1),
       (165, 291111275, 3, 1),
       (166, 291111276, 3, 1),
       (167, 291111277, 3, 1),
       (168, 291111278, 3, 1),
       (169, 291111279, 3, 1),
       (170, 291111280, 3, 1),
       (171, 291111281, 2, 1),
       (172, 291111282, 2, 1),
       (173, 291111283, 1, 1),
       (174, 291111284, 1, 1),
       (175, 291111285, 4, 1),
       (176, 291111286, 2, 1),
       (177, 291111287, 2, 1),
       (178, 291111288, 6, 1),
       (179, 291111289, 1, 1),
       (180, 291111290, 3, 1),
       (181, 291111291, 3, 1),
       (182, 291111292, 3, 1),
       (183, 291111293, 3, 1),
       (184, 291111294, 3, 1),
       (185, 291111295, 3, 1),
       (186, 291111296, 3, 1),
       (187, 291111297, 3, 1),
       (188, 291111298, 3, 1),
       (189, 291111299, 3, 1),
       (190, 291111300, 3, 1),
       (191, 291111301, 3, 1),
       (192, 291111302, 3, 1),
       (193, 291111303, 3, 1),
       (194, 291111304, 3, 1),
       (195, 291111305, 3, 1),
       (196, 291111306, 3, 1),
       (197, 291111307, 3, 1),
       (198, 291111308, 3, 1),
       (199, 291111309, 3, 1),
       (200, 291111310, 3, 1),
       (201, 291111311, 3, 1),
       (202, 291111312, 3, 1),
       (203, 291111313, 3, 1),
       (204, 291111314, 3, 1),
       (205, 291111315, 3, 1),
       (206, 291111316, 2, 1),
       (207, 291111317, 2, 1),
       (208, 291111318, 1, 1),
       (209, 291111319, 1, 1),
       (210, 291111320, 1, 1),
       (211, 291111321, 2, 1),
       (212, 291111322, 6, 1),
       (213, 291111323, 1, 1),
       (214, 291111324, 2, 1),
       (215, 291111325, 2, 1),
       (216, 291111326, 8, 1),
       (217, 291111327, 2, 1),
       (218, 291111328, 3, 1),
       (219, 291111329, 2, 1),
       (220, 291111330, 1, 1),
       (221, 291111331, 3, 1),
       (222, 291111332, 2, 1),
       (223, 291111333, 5, 1),
       (224, 291111334, 6, 1),
       (225, 291111335, 2, 1),
       (226, 291111336, 2, 1),
       (227, 291111337, 2, 1),
       (228, 291111338, 2, 1),
       (229, 291111339, 1, 1),
       (230, 291111340, 4, 1),
       (231, 291111341, 2, 1),
       (232, 291111342, 2, 1),
       (233, 291111343, 8, 1),
       (234, 291111344, 1, 1),
       (235, 291111345, 3, 1),
       (236, 291111346, 6, 1),
       (237, 291111347, 2, 1),
       (238, 291111348, 1, 1),
       (239, 291111349, 3, 1),
       (240, 291111350, 2, 1),
       (241, 291111351, 3, 1),
       (242, 291111352, 2, 1),
       (243, 291111353, 6, 1),
       (244, 291111354, 1, 1),
       (245, 291111355, 1, 1),
       (246, 291111356, 2, 1),
       (247, 291111357, 6, 1),
       (248, 291111358, 3, 1),
       (249, 291111359, 4, 1),
       (250, 291111360, 6, 1),
       (251, 291111361, 2, 1),
       (252, 291111362, 1, 1),
       (253, 291111363, 6, 1),
       (254, 291111364, 1, 1),
       (255, 291111365, 3, 1),
       (256, 291111366, 3, 1),
       (257, 291111367, 3, 1),
       (258, 291111368, 1, 1),
       (259, 291111369, 2, 1),
       (260, 291111370, 5, 1),
       (261, 291111371, 2, 1),
       (262, 291111372, 3, 2),
       (263, 291111373, 3, 2),
       (264, 291111374, 3, 2),
       (265, 291111375, 3, 2),
       (266, 291111376, 7, 2),
       (267, 291111377, 7, 2),
       (268, 291111378, 7, 2),
       (269, 291111379, 7, 2),
       (270, 291111380, 7, 2),
       (271, 291111381, 7, 2),
       (272, 291111382, 7, 2),
       (273, 291111383, 7, 2),
       (274, 291111384, 9, 2),
       (275, 291111385, 7, 2),
       (276, 291111386, 7, 2),
       (277, 291111387, 7, 2),
       (278, 291111388, 7, 2),
       (279, 291111389, 7, 2),
       (280, 291111390, 7, 2),
       (281, 291111391, 7, 2),
       (282, 291111392, 7, 2),
       (283, 291111393, 7, 2),
       (284, 291111394, 7, 2),
       (285, 291111395, 9, 2),
       (286, 291111396, 3, 2),
       (287, 291111397, 7, 2),
       (288, 291111398, 7, 2),
       (289, 291111399, 7, 2),
       (290, 291111400, 1, 2),
       (291, 291111401, 9, 2),
       (292, 291111402, 7, 2),
       (293, 291111403, 7, 2),
       (294, 291111404, 3, 2),
       (295, 291111405, 7, 2),
       (296, 291111406, 7, 2),
       (297, 291111407, 7, 2),
       (298, 291111408, 7, 2),
       (299, 291111409, 7, 2),
       (300, 291111410, 7, 2),
       (301, 291111411, 2, 2),
       (302, 291111412, 7, 2),
       (303, 291111413, 2, 1),
       (304, 291111414, 2, 1),
       (305, 291111415, 6, 1),
       (306, 291111416, 6, 1),
       (307, 291111417, 6, 1),
       (308, 291111418, 6, 1),
       (309, 291111419, 6, 1),
       (310, 291111420, 6, 1),
       (311, 291111421, 6, 1),
       (312, 291111422, 2, 1),
       (313, 291111423, 2, 1),
       (314, 291111424, 6, 1),
       (315, 291111425, 1, 1),
       (316, 291111426, 6, 1),
       (317, 291111427, 2, 1),
       (318, 291111428, 2, 1),
       (319, 291111429, 2, 1),
       (320, 291111430, 2, 1),
       (321, 291111431, 1, 1),
       (322, 291111432, 3, 1),
       (323, 291111433, 1, 1),
       (324, 291111434, 2, 1),
       (325, 291111435, 1, 1),
       (326, 291111436, 3, 1),
       (327, 291111437, 6, 1),
       (328, 291111438, 3, 1),
       (329, 291111439, 2, 1),
       (330, 291111440, 3, 1),
       (331, 291111441, 4, 1),
       (332, 291111442, 6, 1),
       (333, 291111443, 6, 1),
       (334, 291111444, 9, 1),
       (335, 291111445, 1, 1),
       (336, 291111446, 1, 1),
       (337, 291111447, 3, 1),
       (338, 291111448, 3, 1),
       (339, 291111449, 3, 1),
       (340, 291111450, 2, 1),
       (341, 291111451, 1, 1),
       (342, 291111452, 1, 1),
       (343, 291111453, 3, 1),
       (344, 291111454, 1, 1),
       (345, 291111455, 3, 1),
       (346, 291111456, 1, 1),
       (347, 291111457, 3, 1),
       (348, 291111458, 2, 1),
       (349, 291111459, 3, 1),
       (350, 291111460, 6, 1),
       (351, 291111461, 1, 1),
       (352, 291111462, 1, 1),
       (353, 291111463, 6, 1),
       (354, 291111464, 1, 1),
       (355, 291111465, 1, 1),
       (356, 291111466, 2, 1),
       (357, 291111467, 1, 1),
       (358, 291111468, 1, 1),
       (359, 291111469, 1, 1),
       (360, 291111470, 1, 1),
       (361, 291111471, 3, 1),
       (362, 291111472, 1, 1),
       (363, 291111473, 1, 1),
       (364, 291111474, 1, 1),
       (365, 291111475, 1, 1),
       (366, 291111476, 1, 1),
       (367, 291111477, 1, 1),
       (368, 291111478, 3, 1),
       (369, 291111479, 6, 1),
       (370, 291111480, 1, 1),
       (371, 291111481, 3, 1),
       (372, 291111482, 2, 1),
       (373, 291111483, 1, 1),
       (374, 291111484, 3, 1),
       (375, 291111485, 6, 1),
       (376, 291111486, 2, 1),
       (377, 291111487, 2, 1),
       (378, 291111488, 1, 1),
       (379, 291111489, 1, 1),
       (380, 291111490, 3, 1),
       (381, 291111491, 1, 1),
       (382, 291111492, 2, 1),
       (383, 291111493, 1, 1),
       (384, 291111494, 6, 1),
       (385, 291111495, 6, 1),
       (386, 291111496, 3, 1),
       (387, 291111497, 1, 1),
       (388, 291111498, 2, 1),
       (389, 291111499, 1, 1),
       (390, 291111500, 3, 1),
       (391, 291111501, 3, 1),
       (392, 291111502, 1, 1),
       (393, 291111503, 3, 1),
       (394, 291111504, 3, 1),
       (395, 291111505, 3, 1),
       (396, 291111506, 3, 1),
       (397, 291111507, 3, 1),
       (398, 291111508, 3, 1),
       (399, 291111509, 3, 1),
       (400, 291111510, 3, 1),
       (401, 291111511, 3, 1),
       (402, 291111512, 3, 1),
       (403, 291111513, 3, 1),
       (404, 291111514, 3, 1),
       (405, 291111515, 3, 1),
       (406, 291111516, 3, 1),
       (407, 291111517, 2, 1),
       (408, 291111518, 1, 1),
       (409, 291111519, 1, 1),
       (410, 291111520, 2, 1),
       (411, 291111521, 3, 1),
       (412, 291111522, 6, 1),
       (413, 291111523, 5, 1),
       (414, 291111524, 6, 1),
       (415, 291111525, 1, 1),
       (416, 291111526, 3, 1),
       (417, 291111527, 3, 1),
       (418, 291111528, 3, 1),
       (419, 291111529, 3, 1),
       (420, 291111530, 3, 1),
       (421, 291111531, 2, 1),
       (422, 291111532, 3, 1),
       (423, 291111533, 1, 1),
       (424, 291111534, 1, 1),
       (425, 291111535, 1, 1),
       (426, 291111536, 5, 1),
       (427, 291111537, 3, 1),
       (428, 291111538, 3, 1),
       (429, 291111539, 3, 1),
       (430, 291111540, 6, 1),
       (431, 291111541, 3, 1),
       (432, 291111542, 1, 1),
       (433, 291111543, 3, 1),
       (434, 291111544, 1, 1),
       (435, 291111545, 1, 1),
       (436, 291111546, 3, 1),
       (437, 291111547, 3, 1),
       (438, 291111548, 3, 1),
       (439, 291111549, 3, 1),
       (440, 291111550, 3, 1),
       (441, 291111551, 3, 1),
       (442, 291111552, 3, 1),
       (443, 291111553, 3, 1),
       (444, 291111554, 3, 1),
       (445, 291111555, 3, 1),
       (446, 291111556, 3, 1),
       (447, 291111557, 3, 1),
       (448, 291111558, 3, 1),
       (449, 291111559, 1, 1),
       (450, 291111560, 3, 1),
       (451, 291111561, 3, 1),
       (452, 291111562, 3, 1),
       (453, 291111563, 3, 1),
       (454, 291111564, 3, 1),
       (455, 291111565, 3, 1),
       (456, 291111566, 3, 1),
       (457, 291111567, 1, 1),
       (458, 291111568, 3, 1),
       (459, 291111569, 3, 1),
       (460, 291111570, 3, 1),
       (461, 291111571, 3, 1),
       (462, 291111572, 3, 1),
       (463, 291111573, 3, 1),
       (464, 291111574, 3, 1),
       (465, 291111575, 3, 1),
       (466, 291111576, 3, 1),
       (467, 291111577, 3, 1),
       (468, 291111578, 3, 1),
       (469, 291111579, 3, 1),
       (470, 291111580, 3, 1),
       (471, 291111581, 3, 1),
       (472, 291111582, 3, 1),
       (473, 291111583, 3, 1),
       (474, 291111584, 3, 1),
       (475, 291111585, 3, 1),
       (476, 291111586, 3, 1),
       (477, 291111587, 3, 1),
       (478, 291111588, 3, 1),
       (479, 291111589, 3, 1),
       (480, 291111590, 3, 1),
       (481, 291111591, 3, 1),
       (482, 291111592, 3, 1),
       (483, 291111593, 3, 1),
       (484, 291111594, 3, 1),
       (485, 291111595, 3, 1),
       (486, 291111596, 3, 1),
       (487, 291111597, 3, 1),
       (488, 291111598, 3, 1),
       (489, 291111599, 3, 1),
       (490, 291111600, 3, 1),
       (491, 291111601, 6, 1),
       (492, 291111602, 6, 1),
       (493, 291111603, 7, 2),
       (494, 291111604, 7, 2),
       (495, 291111605, 7, 2),
       (496, 291111606, 7, 2),
       (497, 291111607, 7, 2),
       (498, 291111608, 9, 2),
       (499, 291111609, 7, 2),
       (500, 291111610, 7, 2),
       (501, 291111611, 7, 2),
       (502, 291111612, 7, 2),
       (503, 291111613, 7, 2),
       (504, 291111614, 7, 2),
       (505, 291111615, 3, 2),
       (506, 291111616, 3, 2),
       (507, 291111617, 3, 2),
       (508, 291111618, 3, 2),
       (509, 291111619, 3, 2),
       (510, 291111620, 3, 2),
       (511, 291111621, 3, 2),
       (512, 291111622, 3, 2),
       (513, 291111623, 3, 2),
       (514, 291111624, 3, 2),
       (515, 291111625, 3, 2),
       (516, 291111626, 7, 2),
       (517, 291111627, 7, 2),
       (518, 291111628, 7, 2),
       (519, 291111629, 7, 2),
       (520, 291111630, 7, 2),
       (521, 291111631, 7, 2),
       (522, 291111632, 7, 2),
       (523, 291111633, 2, 2),
       (524, 291111634, 7, 2),
       (525, 291111635, 7, 2),
       (526, 291111636, 7, 2),
       (527, 291111637, 7, 2),
       (528, 291111638, 7, 2),
       (529, 291111639, 7, 2),
       (530, 291111640, 7, 2),
       (531, 291111641, 7, 2),
       (532, 291111642, 3, 2),
       (533, 291111643, 3, 2),
       (534, 291111644, 3, 2),
       (535, 291111645, 7, 2),
       (536, 291111646, 7, 2),
       (537, 291111647, 7, 2),
       (538, 291111648, 7, 2),
       (539, 291111649, 7, 2),
       (540, 291111650, 7, 2),
       (541, 291111651, 7, 2),
       (542, 291111652, 7, 2),
       (543, 291111653, 7, 2),
       (544, 291111654, 7, 2),
       (545, 291111655, 7, 2),
       (546, 291111656, 7, 2),
       (547, 291111657, 7, 2),
       (548, 291111658, 7, 2),
       (549, 291111659, 7, 2),
       (550, 291111660, 7, 2),
       (551, 291111661, 7, 2),
       (552, 291111662, 3, 2),
       (553, 291111663, 7, 2),
       (554, 291111664, 7, 2),
       (555, 291111665, 7, 2),
       (556, 291111666, 7, 2),
       (557, 291111667, 1, 1),
       (558, 291111668, 3, 1),
       (559, 291111669, 1, 1),
       (560, 291111670, 2, 1),
       (561, 291111671, 1, 1),
       (562, 291111672, 2, 1),
       (563, 291111673, 1, 1),
       (564, 291111674, 1, 1),
       (565, 291111675, 2, 1),
       (566, 291111676, 3, 1),
       (567, 291111677, 2, 1),
       (568, 291111678, 1, 1),
       (569, 291111679, 1, 1),
       (570, 291111680, 3, 1),
       (571, 291111681, 3, 1),
       (572, 291111682, 1, 1),
       (573, 291111683, 2, 1),
       (574, 291111684, 1, 1),
       (575, 291111685, 6, 1),
       (576, 291111686, 3, 1),
       (577, 291111687, 3, 1),
       (578, 291111688, 3, 1),
       (579, 291111689, 1, 1),
       (580, 291111690, 4, 1),
       (581, 291111691, 1, 1),
       (582, 291111692, 1, 1),
       (583, 291111693, 5, 1),
       (584, 291111694, 6, 1),
       (585, 291111695, 1, 1),
       (586, 291111696, 1, 1),
       (587, 291111697, 1, 1),
       (588, 291111698, 1, 1),
       (589, 291111699, 2, 1),
       (590, 291111700, 6, 1),
       (591, 291111701, 2, 1),
       (592, 291111702, 1, 1),
       (593, 291111703, 5, 1),
       (594, 291111704, 5, 1),
       (595, 291111705, 1, 1),
       (596, 291111706, 6, 1),
       (597, 291111707, 3, 1),
       (598, 291111708, 3, 1),
       (599, 291111709, 1, 1),
       (600, 291111710, 3, 1),
       (601, 291111711, 3, 1),
       (602, 291111712, 7, 2),
       (603, 291111713, 7, 2),
       (604, 291111714, 7, 2),
       (605, 291111715, 7, 2),
       (606, 291111716, 3, 2),
       (607, 291111717, 7, 2),
       (608, 291111718, 7, 2),
       (609, 291111719, 7, 2),
       (610, 291111720, 7, 2),
       (611, 291111721, 7, 2),
       (612, 291111722, 7, 2),
       (613, 291111723, 7, 2),
       (614, 291111724, 7, 2),
       (615, 291111725, 7, 2),
       (616, 291111726, 3, 2),
       (617, 291111727, 7, 2),
       (618, 291111728, 3, 2),
       (619, 291111729, 3, 2),
       (620, 291111730, 7, 2),
       (621, 291111731, 3, 2),
       (622, 291111732, 3, 2),
       (623, 291111733, 3, 2),
       (624, 291111734, 3, 2),
       (625, 291111735, 3, 2),
       (626, 291111736, 3, 2),
       (627, 291111737, 3, 2),
       (628, 291111738, 7, 2),
       (629, 291111739, 7, 2),
       (630, 291111740, 7, 2),
       (631, 291111741, 7, 2),
       (632, 291111742, 7, 2),
       (633, 291111743, 7, 2),
       (634, 291111744, 7, 2),
       (635, 291111745, 7, 2),
       (636, 291111746, 7, 2),
       (637, 291111747, 7, 2),
       (638, 291111748, 2, 2),
       (639, 291111749, 3, 2),
       (640, 291111750, 7, 2),
       (641, 291111751, 7, 2),
       (642, 291111752, 3, 2),
       (643, 291111753, 7, 2),
       (644, 291111754, 7, 2),
       (645, 291111755, 7, 2),
       (646, 291111756, 7, 2),
       (647, 291111757, 7, 2),
       (648, 291111758, 7, 2),
       (649, 291111759, 3, 2),
       (650, 291111760, 3, 2),
       (651, 291111761, 3, 2),
       (652, 291111762, 7, 2),
       (653, 291111763, 7, 2),
       (654, 291111764, 7, 2),
       (655, 291111765, 7, 2),
       (656, 291111766, 7, 2),
       (657, 291111767, 7, 2),
       (658, 291111768, 7, 2),
       (659, 291111769, 7, 2),
       (660, 291111770, 7, 2),
       (661, 291111771, 3, 2),
       (662, 291111772, 7, 2),
       (663, 291111773, 7, 2),
       (664, 291111774, 7, 2),
       (665, 291111775, 7, 2),
       (666, 291111776, 7, 2),
       (667, 291111777, 7, 2),
       (668, 291111778, 7, 2),
       (669, 291111779, 3, 2),
       (670, 291111780, 7, 2),
       (671, 291111781, 7, 2),
       (672, 291111782, 7, 2),
       (673, 291111783, 3, 2),
       (674, 291111784, 7, 2),
       (675, 291111785, 7, 2),
       (676, 291111786, 7, 2),
       (677, 291111787, 7, 2),
       (678, 291111788, 3, 2),
       (679, 291111789, 7, 2),
       (680, 291111790, 7, 2),
       (681, 291111791, 7, 2),
       (682, 291111792, 7, 2),
       (683, 291111793, 7, 2),
       (684, 291111794, 7, 2),
       (685, 291111795, 7, 2),
       (686, 291111796, 7, 2),
       (687, 291111797, 7, 2),
       (688, 291111798, 7, 2),
       (689, 291111799, 3, 2),
       (690, 291111800, 7, 2),
       (691, 291111801, 7, 2),
       (692, 291111802, 7, 2),
       (693, 291111803, 7, 2),
       (694, 291111804, 7, 2),
       (695, 291111805, 7, 2),
       (696, 291111806, 7, 2),
       (697, 291111807, 7, 2),
       (698, 291111808, 7, 2),
       (699, 291111809, 7, 2),
       (700, 291111810, 3, 2),
       (701, 291111811, 1, 2),
       (702, 291111812, 7, 2),
       (703, 291111813, 2, 2),
       (704, 291111814, 2, 2),
       (705, 291111815, 7, 2),
       (706, 291111816, 7, 2),
       (707, 291111817, 7, 2),
       (708, 291111818, 7, 2),
       (709, 291111819, 7, 2),
       (710, 291111820, 7, 2),
       (711, 291111821, 7, 2),
       (712, 291111822, 7, 2),
       (713, 291111823, 7, 2),
       (714, 291111824, 7, 2),
       (715, 291111825, 7, 2),
       (716, 291111826, 7, 2),
       (717, 291111827, 7, 2),
       (718, 291111828, 7, 2),
       (719, 291111829, 7, 2),
       (720, 291111830, 7, 2),
       (721, 291111831, 7, 2),
       (722, 291111832, 7, 2),
       (723, 291111833, 3, 2),
       (724, 291111834, 3, 2),
       (725, 291111835, 3, 2),
       (726, 291111836, 3, 2),
       (727, 291111837, 3, 2),
       (728, 291111838, 3, 2),
       (729, 291111839, 3, 2),
       (730, 291111840, 3, 2),
       (731, 291111841, 3, 2),
       (732, 291111842, 3, 2),
       (733, 291111843, 3, 2),
       (734, 291111844, 3, 2),
       (735, 291111845, 3, 2),
       (736, 291111846, 3, 2),
       (737, 291111847, 3, 2),
       (738, 291111848, 3, 2),
       (739, 291111849, 3, 2),
       (740, 291111850, 3, 2),
       (741, 291111851, 3, 2),
       (742, 291111852, 3, 2),
       (743, 291111853, 3, 2),
       (744, 291111854, 3, 2),
       (745, 291111855, 3, 2),
       (746, 291111856, 3, 2),
       (747, 291111857, 3, 2),
       (748, 291111858, 3, 2),
       (749, 291111859, 3, 2),
       (750, 291111860, 7, 2),
       (751, 291111861, 7, 2),
       (752, 291111862, 7, 2),
       (753, 291111863, 7, 2),
       (754, 291111864, 7, 2),
       (755, 291111865, 1, 2),
       (756, 291111866, 7, 2),
       (757, 291111867, 3, 2),
       (758, 291111868, 7, 2),
       (759, 291111869, 7, 2),
       (760, 291111870, 7, 2),
       (761, 291111871, 7, 2),
       (762, 291111872, 7, 2),
       (763, 291111873, 7, 2),
       (764, 291111874, 7, 2),
       (765, 291111875, 7, 2),
       (766, 291111876, 7, 2),
       (767, 291111877, 7, 2),
       (768, 291111878, 7, 2),
       (769, 291111879, 7, 2),
       (770, 291111880, 7, 2),
       (771, 291111881, 7, 2),
       (772, 291111882, 7, 2),
       (773, 291111883, 7, 2),
       (774, 291111884, 7, 2),
       (775, 291111885, 7, 2),
       (776, 291111886, 7, 2),
       (777, 291111887, 7, 2),
       (778, 291111888, 7, 2),
       (779, 291111889, 7, 2),
       (780, 291111890, 7, 2),
       (781, 291111891, 7, 2),
       (782, 291111892, 7, 2),
       (783, 291111893, 7, 2),
       (784, 291111894, 7, 2),
       (785, 291111895, 7, 2),
       (786, 291111896, 7, 2),
       (787, 291111897, 7, 2),
       (788, 291111898, 7, 2),
       (789, 291111899, 7, 2),
       (790, 291111900, 7, 2),
       (791, 291111901, 7, 2),
       (792, 291111902, 7, 2),
       (793, 291111903, 7, 2),
       (794, 291111904, 2, 2),
       (795, 291111905, 7, 2),
       (796, 291111906, 1, 2),
       (797, 291111907, 7, 2),
       (798, 291111908, 7, 2),
       (799, 291111909, 7, 2),
       (800, 291111910, 7, 2),
       (801, 291111911, 7, 2),
       (802, 291111912, 7, 2),
       (803, 291111913, 7, 2),
       (804, 291111914, 7, 2),
       (805, 291111915, 7, 2),
       (806, 291111916, 7, 2),
       (807, 291111917, 7, 2),
       (808, 291111918, 7, 2),
       (809, 291111919, 7, 2),
       (810, 291111920, 7, 2),
       (811, 291111921, 7, 2),
       (812, 291111922, 7, 2),
       (813, 291111923, 7, 2),
       (814, 291111924, 7, 2),
       (815, 291111925, 7, 2),
       (816, 291111926, 7, 2),
       (817, 291111927, 7, 2),
       (818, 291111928, 7, 2),
       (819, 291111929, 7, 2),
       (820, 291111930, 7, 2),
       (821, 291111931, 7, 2),
       (822, 291111932, 7, 2),
       (823, 291111933, 7, 2),
       (824, 291111934, 7, 2),
       (825, 291111935, 7, 2),
       (826, 291111936, 7, 2),
       (827, 291111937, 7, 2),
       (828, 291111938, 7, 2),
       (829, 291111939, 7, 2),
       (830, 291111940, 7, 2),
       (831, 291111941, 7, 2),
       (832, 291111942, 1, 2),
       (833, 291111943, 7, 2),
       (834, 291111944, 7, 2),
       (835, 291111945, 9, 2),
       (836, 291111946, 7, 2),
       (837, 291111947, 7, 2),
       (838, 291111948, 7, 2),
       (839, 291111949, 7, 2),
       (840, 291111950, 7, 2),
       (841, 291111951, 7, 2),
       (842, 291111952, 7, 2),
       (843, 291111953, 7, 2),
       (844, 291111954, 7, 2),
       (845, 291111955, 7, 2),
       (846, 291111956, 7, 2),
       (847, 291111957, 7, 2),
       (848, 291111958, 7, 2),
       (849, 291111959, 7, 2),
       (850, 291111960, 7, 2),
       (851, 291111961, 7, 2),
       (852, 291111962, 7, 2),
       (853, 291111963, 7, 2),
       (854, 291111964, 7, 2),
       (855, 291111965, 7, 2),
       (856, 291111966, 7, 2),
       (857, 291111967, 7, 2),
       (858, 291111968, 3, 2),
       (859, 291111969, 7, 2),
       (860, 291111970, 7, 2),
       (861, 291111971, 7, 2),
       (862, 291111972, 7, 2),
       (863, 291111973, 7, 2),
       (864, 291111974, 7, 2),
       (865, 291111975, 7, 2),
       (866, 291111976, 3, 2),
       (867, 291111977, 7, 2),
       (868, 291111978, 7, 2),
       (869, 291111979, 7, 2),
       (870, 291111980, 7, 2),
       (871, 291111981, 7, 2),
       (872, 291111982, 7, 2),
       (873, 291111983, 7, 2),
       (874, 291111984, 3, 2),
       (875, 291111985, 3, 2),
       (876, 291111986, 3, 2),
       (877, 291111987, 3, 2),
       (878, 291111988, 7, 2),
       (879, 291111989, 7, 2),
       (880, 291111990, 7, 2),
       (881, 291111991, 7, 2),
       (882, 291111992, 7, 2),
       (883, 291111993, 7, 2),
       (884, 291111994, 7, 2),
       (885, 291111995, 7, 2),
       (886, 291111996, 7, 2),
       (887, 291111997, 5, 2),
       (888, 291111998, 1, 2),
       (889, 291111999, 7, 2),
       (890, 291112000, 7, 2),
       (891, 291112001, 7, 2),
       (892, 291112002, 7, 2),
       (893, 291112003, 7, 2),
       (894, 291112004, 7, 2),
       (895, 291112005, 1, 2),
       (896, 291112006, 7, 2),
       (897, 291112007, 7, 2),
       (898, 291112008, 7, 2),
       (899, 291112009, 7, 2),
       (900, 291112010, 7, 2),
       (901, 291112011, 7, 2),
       (902, 291112012, 7, 2),
       (903, 291112013, 7, 2),
       (904, 291112014, 7, 2),
       (905, 291112015, 7, 2),
       (906, 291112016, 7, 2),
       (907, 291112017, 7, 2),
       (908, 291112018, 7, 2),
       (909, 291112019, 7, 2),
       (910, 291112020, 7, 2),
       (911, 291112021, 7, 2),
       (912, 291112022, 2, 2),
       (913, 291112023, 7, 2),
       (914, 291112024, 7, 2),
       (915, 291112025, 7, 2),
       (916, 291112026, 7, 2),
       (917, 291112027, 7, 2),
       (918, 291112028, 7, 2),
       (919, 291112029, 7, 2),
       (920, 291112030, 7, 2),
       (921, 291112031, 7, 2),
       (922, 291112032, 7, 2),
       (923, 291112033, 7, 2),
       (924, 291112034, 3, 2),
       (925, 291112035, 3, 2),
       (926, 291112036, 3, 2),
       (927, 291112037, 3, 2),
       (928, 291112038, 3, 2),
       (929, 291112039, 3, 2),
       (930, 291112040, 3, 2),
       (931, 291112041, 3, 2),
       (932, 291112042, 3, 2),
       (933, 291112043, 3, 2),
       (934, 291112044, 3, 2),
       (935, 291112045, 7, 2),
       (936, 291112046, 7, 2),
       (937, 291112047, 7, 2),
       (938, 291112048, 7, 2),
       (939, 291112049, 7, 2),
       (940, 291112050, 7, 2),
       (941, 291112051, 7, 2),
       (942, 291112052, 3, 2),
       (943, 291112053, 7, 2),
       (944, 291112054, 7, 2),
       (945, 291112055, 3, 2),
       (946, 291112056, 3, 2),
       (947, 291112057, 3, 2),
       (948, 291112058, 3, 2),
       (949, 291112059, 3, 2),
       (950, 291112060, 3, 2),
       (951, 291112061, 3, 2),
       (952, 291112062, 3, 2),
       (953, 291112063, 3, 2),
       (954, 291112064, 3, 2),
       (955, 291112065, 3, 2),
       (956, 291112066, 3, 2),
       (957, 291112067, 3, 2),
       (958, 291112068, 3, 2),
       (959, 291112069, 3, 2),
       (960, 291112070, 3, 2),
       (961, 291112071, 3, 2),
       (962, 291112072, 3, 2),
       (963, 291112073, 3, 2),
       (964, 291112074, 3, 2),
       (965, 291112075, 3, 2),
       (966, 291112076, 3, 2),
       (967, 291112077, 3, 2),
       (968, 291112078, 3, 2),
       (969, 291112079, 3, 2),
       (970, 291112080, 3, 2),
       (971, 291112081, 3, 2),
       (972, 291112082, 3, 2),
       (973, 291112083, 3, 2),
       (974, 291112084, 3, 2),
       (975, 291112085, 3, 2),
       (976, 291112086, 3, 2),
       (977, 291112087, 3, 2),
       (978, 291112088, 3, 2),
       (979, 291112089, 3, 2),
       (980, 291112090, 3, 2),
       (981, 291112091, 7, 2),
       (982, 291112092, 2, 2),
       (983, 291112093, 2, 2),
       (984, 291112094, 3, 2),
       (985, 291112095, 7, 2),
       (986, 291112096, 7, 2),
       (987, 291112097, 7, 2),
       (988, 291112098, 7, 2),
       (989, 291112099, 7, 2),
       (990, 291112100, 7, 2),
       (991, 291112101, 3, 2),
       (992, 291112102, 7, 2),
       (993, 291112103, 7, 2),
       (994, 291112104, 2, 2),
       (995, 291112105, 2, 2),
       (996, 291112106, 2, 2),
       (997, 291112107, 7, 2),
       (998, 291112108, 7, 2),
       (999, 291112109, 7, 2),
       (1000, 291112110, 7, 2),
       (1001, 291112111, 2, 2),
       (1002, 291112112, 7, 2),
       (1003, 291112113, 7, 2),
       (1004, 291112114, 7, 2),
       (1005, 291112115, 7, 2),
       (1006, 291112116, 2, 2),
       (1007, 291112117, 3, 2),
       (1008, 291112118, 3, 2),
       (1009, 291112119, 3, 2),
       (1010, 291112120, 3, 2),
       (1011, 291112121, 1, 1),
       (1012, 291112122, 1, 1),
       (1013, 291112123, 1, 1),
       (1014, 291112124, 1, 1),
       (1015, 291112125, 1, 1),
       (1016, 291112126, 1, 1),
       (1017, 291112127, 1, 1),
       (1018, 291112128, 1, 1),
       (1019, 291112129, 1, 1),
       (1020, 291112130, 1, 1),
       (1021, 291112131, 3, 1),
       (1022, 291112132, 1, 1),
       (1023, 291112133, 6, 1),
       (1024, 291112134, 6, 1),
       (1025, 291112135, 3, 1),
       (1026, 291112136, 3, 1),
       (1027, 291112137, 3, 1),
       (1028, 291112138, 3, 1),
       (1029, 291112139, 3, 1),
       (1030, 291112140, 3, 1),
       (1031, 291112141, 3, 1),
       (1032, 291112142, 3, 1),
       (1033, 291112143, 3, 1),
       (1034, 291112144, 3, 1),
       (1035, 291112145, 3, 1),
       (1036, 291112146, 3, 1),
       (1037, 291112147, 3, 1),
       (1038, 291112148, 3, 1),
       (1039, 291112149, 3, 1),
       (1040, 291112150, 3, 1),
       (1041, 291112151, 3, 1),
       (1042, 291112152, 3, 1),
       (1043, 291112153, 3, 1),
       (1044, 291112154, 3, 1),
       (1045, 291112155, 3, 1),
       (1046, 291112156, 3, 1),
       (1047, 291112157, 3, 1),
       (1048, 291112158, 3, 1),
       (1049, 291112159, 3, 1),
       (1050, 291112160, 3, 1),
       (1051, 291112161, 3, 1),
       (1052, 291112162, 3, 1),
       (1053, 291112163, 3, 1),
       (1054, 291112164, 3, 1),
       (1055, 291112165, 3, 1),
       (1056, 291112166, 3, 1),
       (1057, 291112167, 3, 1),
       (1058, 291112168, 3, 1),
       (1059, 291112169, 3, 1),
       (1060, 291112170, 3, 1),
       (1061, 291112171, 3, 1),
       (1062, 291112172, 3, 1),
       (1063, 291112173, 3, 1),
       (1064, 291112174, 3, 1),
       (1065, 291112175, 3, 1),
       (1066, 291112176, 3, 1),
       (1067, 291112177, 3, 1),
       (1068, 291112178, 3, 1),
       (1069, 291112179, 3, 1),
       (1070, 291112180, 3, 1),
       (1071, 291112181, 3, 1),
       (1072, 291112182, 3, 1),
       (1073, 291112183, 3, 1),
       (1074, 291112184, 3, 1),
       (1075, 291112185, 3, 1),
       (1076, 291112186, 3, 1),
       (1077, 291112187, 3, 1),
       (1078, 291112188, 3, 1),
       (1079, 291112189, 3, 1),
       (1080, 291112190, 8, 1),
       (1081, 291112191, 3, 1),
       (1082, 291112192, 3, 1),
       (1083, 291112193, 3, 1),
       (1084, 291112194, 3, 1),
       (1085, 291112195, 3, 1),
       (1086, 291112196, 3, 1),
       (1087, 291112197, 3, 1),
       (1088, 291112198, 3, 1),
       (1089, 291112199, 3, 1),
       (1090, 291112200, 3, 1),
       (1091, 291112201, 3, 1),
       (1092, 291112202, 2, 1),
       (1093, 291112203, 6, 1),
       (1094, 291112204, 1, 1),
       (1095, 291112205, 2, 1),
       (1096, 291112206, 2, 1),
       (1097, 291112207, 1, 1),
       (1098, 291112208, 5, 1),
       (1099, 291112209, 2, 1),
       (1100, 291112210, 2, 1),
       (1101, 291112211, 6, 1),
       (1102, 291112212, 1, 1),
       (1103, 291112213, 1, 1),
       (1104, 291112214, 2, 1),
       (1105, 291112215, 2, 1),
       (1106, 291112216, 3, 1),
       (1107, 291112217, 4, 1),
       (1108, 291112218, 3, 1),
       (1109, 291112219, 3, 1),
       (1110, 291112220, 3, 1),
       (1111, 291112221, 3, 1),
       (1112, 291112222, 1, 1),
       (1113, 291112223, 3, 1),
       (1114, 291112224, 4, 1),
       (1115, 291112225, 1, 1),
       (1116, 291112226, 2, 1),
       (1117, 291112227, 1, 1),
       (1118, 291112228, 2, 1),
       (1119, 291112229, 2, 1),
       (1120, 291112230, 2, 1),
       (1121, 291112231, 3, 1),
       (1122, 291112232, 2, 1),
       (1123, 291112233, 1, 1),
       (1124, 291112234, 5, 1),
       (1125, 291112235, 2, 1),
       (1126, 291112236, 3, 1),
       (1127, 291112237, 2, 1),
       (1128, 291112238, 3, 1),
       (1129, 291112239, 3, 1),
       (1130, 291112240, 3, 1),
       (1131, 291112241, 3, 1),
       (1132, 291112242, 3, 1),
       (1133, 291112243, 3, 1),
       (1134, 291112244, 3, 1),
       (1135, 291112245, 3, 1),
       (1136, 291112246, 3, 1),
       (1137, 291112247, 3, 1),
       (1138, 291112248, 3, 1),
       (1139, 291112249, 3, 1),
       (1140, 291112250, 3, 1),
       (1141, 291112251, 3, 1),
       (1142, 291112252, 3, 1),
       (1143, 291112253, 3, 1),
       (1144, 291112254, 3, 1),
       (1145, 291112255, 3, 1),
       (1146, 291112256, 2, 1),
       (1147, 291112257, 1, 1),
       (1148, 291112258, 6, 1),
       (1149, 291112259, 3, 1),
       (1150, 291112260, 3, 1),
       (1151, 291112261, 3, 1),
       (1152, 291112262, 3, 1),
       (1153, 291112263, 3, 1),
       (1154, 291112264, 3, 1),
       (1155, 291112265, 3, 1),
       (1156, 291112266, 3, 1),
       (1157, 291112267, 3, 1),
       (1158, 291112268, 3, 1),
       (1159, 291112269, 3, 1),
       (1160, 291112270, 3, 1),
       (1161, 291112271, 2, 1),
       (1162, 291112272, 3, 1),
       (1163, 291112273, 1, 1),
       (1164, 291112274, 3, 1),
       (1165, 291112275, 3, 1),
       (1166, 291112276, 2, 1),
       (1167, 291112277, 1, 1),
       (1168, 291112278, 1, 1),
       (1169, 291112279, 1, 1),
       (1170, 291112280, 2, 1),
       (1171, 291112281, 1, 1),
       (1172, 291112282, 2, 1),
       (1173, 291112283, 3, 1),
       (1174, 291112284, 3, 1),
       (1175, 291112285, 3, 1),
       (1176, 291112286, 3, 1),
       (1177, 291112287, 3, 1),
       (1178, 291112288, 3, 1),
       (1179, 291112289, 3, 1),
       (1180, 291112290, 3, 1),
       (1181, 291112291, 3, 1),
       (1182, 291112292, 3, 1),
       (1183, 291112293, 3, 1),
       (1184, 291112294, 2, 1),
       (1185, 291112295, 3, 1),
       (1186, 291112296, 3, 1),
       (1187, 291112297, 2, 1),
       (1188, 291112298, 1, 1),
       (1189, 291112299, 2, 1),
       (1190, 291112300, 1, 1),
       (1191, 291112301, 2, 1),
       (1192, 291112302, 1, 1),
       (1193, 291112303, 2, 1),
       (1194, 291112304, 2, 1),
       (1195, 291112305, 6, 1),
       (1196, 291112306, 2, 1),
       (1197, 291112307, 2, 1),
       (1198, 291112308, 2, 1),
       (1199, 291112309, 3, 1),
       (1200, 291112310, 3, 1),
       (1201, 291112311, 3, 1),
       (1202, 291112312, 1, 1),
       (1203, 291112313, 3, 1),
       (1204, 291112314, 6, 1),
       (1205, 291112315, 8, 1),
       (1206, 291112316, 2, 1),
       (1207, 291112317, 2, 1),
       (1208, 291112318, 3, 1),
       (1209, 291112319, 3, 1),
       (1210, 291112320, 2, 1),
       (1211, 291112321, 3, 1),
       (1212, 291112322, 3, 1),
       (1213, 291112323, 3, 1),
       (1214, 291112324, 3, 1),
       (1215, 291112325, 3, 1),
       (1216, 291112326, 3, 1),
       (1217, 291112327, 3, 1),
       (1218, 291112328, 3, 1),
       (1219, 291112329, 3, 1),
       (1220, 291112330, 3, 1),
       (1221, 291112331, 3, 1),
       (1222, 291112332, 3, 1),
       (1223, 291112333, 3, 1),
       (1224, 291112334, 3, 1),
       (1225, 291112335, 3, 1),
       (1226, 291112336, 3, 1),
       (1227, 291112337, 3, 1),
       (1228, 291112338, 3, 1),
       (1229, 291112339, 3, 1),
       (1230, 291112340, 3, 1),
       (1231, 291112341, 3, 1),
       (1232, 291112342, 3, 1),
       (1233, 291112343, 3, 1),
       (1234, 291112344, 3, 1),
       (1235, 291112345, 3, 1),
       (1236, 291112346, 3, 1),
       (1237, 291112347, 3, 1),
       (1238, 291112348, 3, 1),
       (1239, 291112349, 3, 1),
       (1240, 291112350, 3, 1),
       (1241, 291112351, 3, 1),
       (1242, 291112352, 3, 1),
       (1243, 291112353, 3, 1),
       (1244, 291112354, 3, 1),
       (1245, 291112355, 3, 1),
       (1246, 291112356, 3, 1),
       (1247, 291112357, 3, 1),
       (1248, 291112358, 3, 1),
       (1249, 291112359, 3, 1),
       (1250, 291112360, 3, 1),
       (1251, 291112361, 3, 1),
       (1252, 291112362, 3, 1),
       (1253, 291112363, 3, 1),
       (1254, 291112364, 3, 1),
       (1255, 291112365, 3, 1),
       (1256, 291112366, 3, 1),
       (1257, 291112367, 3, 1),
       (1258, 291112368, 3, 1),
       (1259, 291112369, 3, 1),
       (1260, 291112370, 3, 1),
       (1261, 291112371, 3, 1),
       (1262, 291112372, 3, 1),
       (1263, 291112373, 3, 1),
       (1264, 291112374, 3, 1),
       (1265, 291112375, 3, 1),
       (1266, 291112376, 3, 1),
       (1267, 291112377, 3, 1),
       (1268, 291112378, 3, 1),
       (1269, 291112379, 3, 1),
       (1270, 291112380, 3, 1),
       (1271, 291112381, 3, 1),
       (1272, 291112382, 3, 1),
       (1273, 291112383, 3, 1),
       (1274, 291112384, 3, 1),
       (1275, 291112385, 3, 1),
       (1276, 291112386, 3, 1),
       (1277, 291112387, 1, 1),
       (1278, 291112388, 3, 1),
       (1279, 291112389, 2, 1),
       (1280, 291112390, 3, 1),
       (1281, 291112391, 2, 1),
       (1282, 291112392, 1, 1),
       (1283, 291112393, 1, 1),
       (1284, 291112394, 2, 1),
       (1285, 291112395, 1, 1),
       (1286, 291112396, 2, 1),
       (1287, 291112397, 1, 1),
       (1288, 291112398, 4, 1),
       (1289, 291112399, 3, 1),
       (1290, 291112400, 1, 1),
       (1291, 291112401, 5, 1),
       (1292, 291112402, 1, 1),
       (1293, 291112403, 2, 1),
       (1294, 291112404, 3, 1),
       (1295, 291112405, 6, 1),
       (1296, 291112406, 3, 1),
       (1297, 291112407, 3, 1),
       (1298, 291112408, 3, 1),
       (1299, 291112409, 3, 1),
       (1300, 291112410, 3, 1),
       (1301, 291112411, 3, 1),
       (1302, 291112412, 3, 1),
       (1303, 291112413, 3, 1),
       (1304, 291112414, 3, 1),
       (1305, 291112415, 3, 1),
       (1306, 291112416, 2, 1),
       (1307, 291112417, 3, 1),
       (1308, 291112418, 3, 1),
       (1309, 291112419, 3, 1),
       (1310, 291112420, 3, 1),
       (1311, 291112421, 3, 1),
       (1312, 291112422, 3, 1),
       (1313, 291112423, 3, 1),
       (1314, 291112424, 3, 1),
       (1315, 291112425, 3, 1),
       (1316, 291112426, 3, 1),
       (1317, 291112427, 3, 1),
       (1318, 291112428, 3, 1),
       (1319, 291112429, 3, 1),
       (1320, 291112430, 3, 1),
       (1321, 291112431, 3, 1),
       (1322, 291112432, 3, 1),
       (1323, 291112433, 3, 1),
       (1324, 291112434, 3, 1),
       (1325, 291112435, 3, 1),
       (1326, 291112436, 2, 1),
       (1327, 291112437, 3, 1),
       (1328, 291112438, 3, 1),
       (1329, 291112439, 3, 1),
       (1330, 291112440, 3, 1),
       (1331, 291112441, 3, 1),
       (1332, 291112442, 3, 1),
       (1333, 291112443, 1, 1),
       (1334, 291112444, 3, 1),
       (1335, 291112445, 2, 1),
       (1336, 291112446, 3, 1),
       (1337, 291112447, 3, 1),
       (1338, 291112448, 4, 1),
       (1339, 291112449, 6, 1),
       (1340, 291112450, 2, 1),
       (1341, 291112451, 3, 1),
       (1342, 291112452, 1, 1),
       (1343, 291112453, 1, 1),
       (1344, 291112454, 1, 1),
       (1345, 291112455, 2, 1),
       (1346, 291112456, 2, 1),
       (1347, 291112457, 2, 1),
       (1348, 291112458, 2, 1),
       (1349, 291112459, 2, 1),
       (1350, 291112460, 3, 1),
       (1351, 291112461, 3, 1),
       (1352, 291112462, 6, 1),
       (1353, 291112463, 3, 1),
       (1354, 291112464, 3, 1),
       (1355, 291112465, 3, 1),
       (1356, 291112466, 5, 1),
       (1357, 291112467, 2, 1),
       (1358, 291112468, 6, 1),
       (1359, 291112469, 3, 1),
       (1360, 291112470, 3, 1),
       (1361, 291112471, 3, 1),
       (1362, 291112472, 3, 1),
       (1363, 291112473, 3, 1),
       (1364, 291112474, 3, 1),
       (1365, 291112475, 3, 1),
       (1366, 291112476, 3, 1),
       (1367, 291112477, 1, 1),
       (1368, 291112478, 3, 1),
       (1369, 291112479, 3, 1),
       (1370, 291112480, 3, 1),
       (1371, 291112481, 3, 1),
       (1372, 291112482, 3, 1),
       (1373, 291112483, 2, 1),
       (1374, 291112484, 3, 1),
       (1375, 291112485, 3, 1),
       (1376, 291112486, 3, 1),
       (1377, 291112487, 1, 1),
       (1378, 291112488, 3, 1),
       (1379, 291112489, 3, 1),
       (1380, 291112490, 1, 1),
       (1381, 291112491, 1, 1),
       (1382, 291112492, 1, 1),
       (1383, 291112493, 1, 1),
       (1384, 291112494, 1, 1),
       (1385, 291112495, 1, 1),
       (1386, 291112496, 1, 1),
       (1387, 291112497, 3, 1),
       (1388, 291112498, 3, 1),
       (1389, 291112499, 2, 1),
       (1390, 291112500, 3, 1),
       (1391, 291112501, 1, 1),
       (1392, 291112502, 2, 1),
       (1393, 291112503, 3, 1),
       (1394, 291112504, 1, 1),
       (1395, 291112505, 1, 1),
       (1396, 291112506, 1, 1),
       (1397, 291112507, 2, 1),
       (1398, 291112508, 2, 1),
       (1399, 291112509, 2, 1),
       (1400, 291112510, 1, 1),
       (1401, 291112511, 2, 1),
       (1402, 291112512, 3, 1),
       (1403, 291112513, 6, 1),
       (1404, 291112514, 6, 1),
       (1405, 291112515, 1, 1),
       (1406, 291112516, 3, 1),
       (1407, 291112517, 6, 1),
       (1408, 291112518, 2, 1),
       (1409, 291112519, 2, 1),
       (1410, 291112520, 3, 1),
       (1411, 291112521, 3, 1),
       (1412, 291112522, 3, 1),
       (1413, 291112523, 2, 1),
       (1414, 291112524, 2, 1),
       (1415, 291112525, 2, 1),
       (1416, 291112526, 2, 1),
       (1417, 291112527, 3, 1),
       (1418, 291112528, 1, 1),
       (1419, 291112529, 1, 1),
       (1420, 291112530, 3, 1),
       (1421, 291112531, 3, 1),
       (1422, 291112532, 3, 1),
       (1423, 291112533, 3, 1),
       (1424, 291112534, 3, 1),
       (1425, 291112535, 1, 1),
       (1426, 291112536, 3, 1),
       (1427, 291112537, 2, 1),
       (1428, 291112538, 6, 1),
       (1429, 291112539, 3, 1),
       (1430, 291112540, 3, 1),
       (1431, 291112541, 3, 1),
       (1432, 291112542, 1, 1),
       (1433, 291112543, 2, 1),
       (1434, 291112544, 2, 1),
       (1435, 291112545, 6, 1),
       (1436, 291112546, 2, 1),
       (1437, 291112547, 2, 1),
       (1438, 291112548, 2, 1),
       (1439, 291112549, 3, 1),
       (1440, 291112550, 3, 1),
       (1441, 291112551, 3, 1),
       (1442, 291112552, 3, 1),
       (1443, 291112553, 3, 1),
       (1444, 291112554, 3, 1),
       (1445, 291112555, 3, 1),
       (1446, 291112556, 3, 1),
       (1447, 291112557, 3, 1),
       (1448, 291112558, 3, 1),
       (1449, 291112559, 3, 1),
       (1450, 291112560, 3, 1),
       (1451, 291112561, 3, 1),
       (1452, 291112562, 3, 1),
       (1453, 291112563, 3, 1),
       (1454, 291112564, 3, 1),
       (1455, 291112565, 1, 1),
       (1456, 291112566, 3, 1),
       (1457, 291112567, 3, 1),
       (1458, 291112568, 3, 1),
       (1459, 291112569, 2, 1),
       (1460, 291112570, 1, 1),
       (1461, 291112571, 1, 1),
       (1462, 291112572, 2, 1),
       (1463, 291112573, 2, 1),
       (1464, 291112574, 2, 1),
       (1465, 291112575, 6, 1),
       (1466, 291112576, 1, 1),
       (1467, 291112577, 2, 1),
       (1468, 291112578, 1, 1),
       (1469, 291112579, 6, 1),
       (1470, 291112580, 2, 1),
       (1471, 291112581, 6, 1),
       (1472, 291112582, 2, 1),
       (1473, 291112583, 6, 1),
       (1474, 291112584, 2, 1),
       (1475, 291112585, 6, 1),
       (1476, 291112586, 3, 1),
       (1477, 291112587, 2, 1),
       (1478, 291112588, 3, 1),
       (1479, 291112589, 3, 1),
       (1480, 291112590, 1, 1),
       (1481, 291112591, 2, 1),
       (1482, 291112592, 1, 1),
       (1483, 291112593, 1, 1),
       (1484, 291112594, 1, 1),
       (1485, 291112595, 3, 1),
       (1486, 291112596, 3, 1),
       (1487, 291112597, 3, 1),
       (1488, 291112598, 3, 1),
       (1489, 291112599, 2, 1),
       (1490, 291112600, 1, 1),
       (1491, 291112601, 2, 1),
       (1492, 291112602, 1, 1),
       (1493, 291112603, 3, 1),
       (1494, 291112604, 2, 1),
       (1495, 291112605, 4, 1),
       (1496, 291112606, 1, 1),
       (1497, 291112607, 1, 1),
       (1498, 291112608, 2, 1),
       (1499, 291112609, 3, 1),
       (1500, 291112610, 3, 1),
       (1501, 291112611, 3, 1),
       (1502, 291112612, 3, 1),
       (1503, 291112613, 3, 1),
       (1504, 291112614, 3, 1),
       (1505, 291112615, 3, 1),
       (1506, 291112616, 3, 1),
       (1507, 291112617, 3, 1),
       (1508, 291112618, 3, 1),
       (1509, 291112619, 3, 1),
       (1510, 291112620, 3, 1),
       (1511, 291112621, 3, 1),
       (1512, 291112622, 3, 1),
       (1513, 291112623, 7, 1);

select setval('phone_number_id_seq', (select max(id) from phone_number));

--changeset igor:4

INSERT INTO one_time_call_service (id, one_time_call_service_name)
VALUES (1, 'MMS исходящие национальные'),
       (2, 'SMS в ЗАГ/Команда'),
       (3, 'SMS исходящие международные'),
       (4, 'SMS исходящие национальные'),
       (5, 'SMS-услуги'),
       (6, 'USSD'),
       (7, 'Звонки в ЗАГ/Команда'),
       (8, 'Звонки в ЗАГ/Команда в 3G'),
       (9, 'Звонки в ЗАГ/Команда в 4G'),
       (10, 'Звонки в ЗАГ/Команда в Wi-Fi'),
       (11, 'Звонки на справочные/ короткие номера'),
       (12, 'Интернет-трафик'),
       (13, 'Исходящие внутри сети'),
       (14, 'Исходящие внутри сети в 3G'),
       (15, 'Исходящие внутри сети в 4G'),
       (16, 'Исходящие внутри сети в Wi-Fi'),
       (17, 'Исходящие на БеСТ'),
       (18, 'Исходящие на БеСТ 3G'),
       (19, 'Исходящие на БеСТ в 4G'),
       (20, 'Исходящие на голосовую почту'),
       (21, 'Исходящие на МТС'),
       (22, 'Исходящие на МТС 3G'),
       (23, 'Исходящие на МТС в 4G'),
       (24, 'Исходящие на МТС в Wi-Fi'),
       (25, 'Исходящие по РБ'),
       (26, 'Исходящие по РБ 3G'),
       (27, 'Исходящие по РБ в 4G'),
       (28, 'Международные звонки (СНГ)'),
       (29, 'Подписки, SMS входящие платные'),
       (30, 'Роуминг SMS исходящие'),
       (31, 'Роуминг входящий'),
       (32, 'Роуминг интернет-трафик'),
       (33, 'Роуминг исходящий'),
       (34, 'МТС'),
       (35, 'Исходящие на голосовую почту в 3G'),
       (36, 'Международные звонки (Др. страны)'),
       (37, 'Исходящие на голосовую почту в 4G'),
       (38, 'Исходящие видеозвонки внутри сети'),
       (39, 'Исходящие по РБ в Wi-Fi'),
       (40, 'MMS исходящие международные');

select setval('one_time_call_service_id_seq', (select max(id) from one_time_call_service));

--changeset igor:5

INSERT INTO rule_one_time_call_service (id, rule_name, one_time_call_service_id, start_payment, end_payment)
VALUES (1, 'Звонки внутри сети с 8-00 до 18-00', 13, '07:59:59', '18:00:00'),
       (2, 'Звонки внутри сети в 3G с 8-00 до 18-00', 14, '07:59:59', '18:00:00'),
       (3, 'Звонки внутри сети в 4G с 8-00 до 18-00', 15, '07:59:59', '18:00:00'),
       (4, 'Звонки внутри сети в Wi-Fi с 8-00 до 18-00', 16, '07:59:59', '18:00:00'),
       (5, 'Звонки на БеСТ с 8-00 до 18-00', 17, '07:59:59', '18:00:00'),
       (6, 'Звонки на БеСТ 3G с 8-00 до 18-00', 18, '07:59:59', '18:00:00'),
       (7, 'Звонки на БеСТ 4G с 8-00 до 18-00', 19, '07:59:59', '18:00:00'),
       (8, 'Звонки на МТС с 8-00 до 18-00', 21, '07:59:59', '18:00:00'),
       (9, 'Звонки на МТС 3G с 8-00 до 18-00', 22, '07:59:59', '18:00:00'),
       (10, 'Звонки на МТС 4G с 8-00 до 18-00', 23, '07:59:59', '18:00:00'),
       (11, 'Звонки на МТС Wi-Fi с 8-00 до 18-00', 24, '07:59:59', '18:00:00'),
       (12, 'Звонки по РБ с 8-00 до 18-00', 25, '07:59:59', '18:00:00'),
       (13, 'Звонки по РБ 3G с 8-00 до 18-00', 26, '07:59:59', '18:00:00'),
       (14, 'Звонки по РБ 4G с 8-00 до 18-00', 27, '07:59:59', '18:00:00'),
       (15, 'Звонки по (СНГ) с 8-00 до 18-00', 28, '07:59:59', '18:00:00'),
       (16, 'Звонки роуминг входящий с 8-00 до 18-00', 31, '07:59:59', '18:00:00'),
       (17, 'Звонки роуминг исходящий с 8-00 до 18-00', 33, '07:59:59', '18:00:00'),
       (18, 'Звонки внутри сети круглосуточно', 13, '00:00:00', '23:59:59'),
       (19, 'Звонки внутри сети в 3G круглосуточно', 14, '00:00:00', '23:59:59'),
       (20, 'Звонки внутри сети в 4G круглосуточно', 15, '08:00:00', '23:59:59'),
       (21, 'Звонки внутри сети в Wi-Fi круглосуточно', 16, '00:00:00', '23:59:59'),
       (22, 'Звонки на БеСТ круглосуточно', 17, '00:00:00', '23:59:59'),
       (23, 'Звонки на БеСТ 3G круглосуточно', 18, '00:00:00', '23:59:59'),
       (24, 'Звонки на БеСТ 4G круглосуточно', 19, '00:00:00', '23:59:59'),
       (25, 'Звонки на МТС круглосуточно', 21, '00:00:00', '23:59:59'),
       (26, 'Звонки на МТС 3G круглосуточно', 22, '00:00:00', '23:59:59'),
       (27, 'Звонки на МТС 4G круглосуточно', 23, '00:00:00', '23:59:59'),
       (28, 'Звонки на МТС Wi-Fi круглосуточно', 24, '00:00:00', '23:59:59'),
       (29, 'Звонки по РБ круглосуточно', 25, '00:00:00', '23:59:59'),
       (30, 'Звонки по РБ 3G круглосуточно', 26, '00:00:00', '23:59:59'),
       (31, 'Звонки по РБ 4G круглосуточно', 27, '00:00:00', '23:59:59'),
       (32, 'Звонки внутри сети с 6-00 до 21-00', 13, '05:59:59', '21:00:00'),
       (33, 'Звонки внутри сети в 3G с 6-00 до 21-00', 14, '05:59:59', '21:00:00'),
       (34, 'Звонки внутри сети в 4G с 6-00 до 21-00', 15, '05:59:59', '21:00:00'),
       (35, 'Звонки внутри сети в Wi-Fi с 6-00 до 21-00', 16, '05:59:59', '21:00:00'),
       (36, 'Звонки на БеСТ с 6-00 до 21-00', 17, '05:59:59', '21:00:00'),
       (37, 'Звонки на БеСТ 3G с 6-00 до 21-00', 18, '05:59:59', '21:00:00'),
       (38, 'Звонки на БеСТ 4G с 6-00 до 21-00', 19, '05:59:59', '21:00:00'),
       (39, 'Звонки на МТС с 6-00 до 21-00', 21, '05:59:59', '21:00:00'),
       (40, 'Звонки на МТС 3G с 6-00 до 21-00', 22, '05:59:59', '21:00:00'),
       (41, 'Звонки на МТС 4G с 6-00 до 21-00', 23, '05:59:59', '21:00:00'),
       (42, 'Звонки на МТС Wi-Fi с 6-00 до 21-00', 24, '05:59:59', '21:00:00'),
       (43, 'Звонки по РБ с 6-00 до 21-00', 25, '05:59:59', '21:00:00'),
       (44, 'Звонки по РБ 3G с 6-00 до 21-00', 26, '05:59:59', '21:00:00'),
       (45, 'Звонки по РБ 4G с 6-00 до 21-00', 27, '05:59:59', '21:00:00'),
       (46, 'Звонки с МТС на МТС с 8-00 до 18-00', 34, '07:59:59', '18:00:00'),
       (47, 'Международные звонки (Др. страны) с 8-00 до 18-00', 34, '07:59:59', '18:00:00'),
       (48, 'Звонки по РБ в Wi-Fi с 8-00 до 18-00', 39, '07:59:59', '18:00:00');

select setval('rule_one_time_call_service_id_seq', (select max(id) from rule_one_time_call_service));

--changeset igor:6

INSERT INTO group_rule_one_time_call_service (rule_id, group_id)
VALUES (1, 1),
       (2, 1),
       (3, 1),
       (4, 1),
       (5, 1),
       (6, 1),
       (7, 1),
       (8, 1),
       (9, 1),
       (10, 1),
       (11, 1),
       (12, 1),
       (13, 1),
       (14, 1),
       (15, 1),
       (16, 1),
       (17, 1),
       (18, 5),
       (19, 5),
       (20, 5),
       (21, 5),
       (22, 5),
       (23, 5),
       (24, 5),
       (25, 5),
       (26, 5),
       (27, 5),
       (28, 5),
       (29, 5),
       (30, 5),
       (31, 5),
       (32, 8),
       (33, 8),
       (34, 8),
       (35, 8),
       (36, 8),
       (37, 8),
       (38, 8),
       (39, 8),
       (40, 8),
       (41, 8),
       (42, 8),
       (43, 8),
       (44, 8),
       (45, 8),
       (46, 1),
       (47, 1),
       (48, 1);

--changeset igor:7

INSERT INTO type_transfer_work_day (id, type_transfer_work_day_name)
VALUES (1, 'Выходные в будний день'),
       (2, 'Работа в субботу или воскресенье')

