--liquibase formatted sql

--changeset igor:1

INSERT INTO mobile_operator (id, operator_name)
VALUES (1, 'A1'),
       (2, 'MTS');

--changeset igor:2

INSERT INTO group_number (id, group_number_name)
VALUES (1, 'Руководители'),
       (2, 'Специалисты'),
       (3, 'Дежурные службы'),
       (4, 'Водители легковых автомобилей'),
       (5, 'Водители грузовых автомобилей'),
       (6, 'Удерживаем все'),
       (7, 'Общая группа');

select setval('group_number_id_seq', (select max(id) from group_number));

--changeset igor:3

INSERT INTO phone_number (id, number, group_number_id, mobile_operator_id)
VALUES (1, 291025801, 2, 1),
       (2, 291094257, 1, 1),
       (3, 291094678, 1, 1),
       (4, 291094762, 1, 1),
       (5, 291095245, 1, 1),
       (6, 291095331, 1, 1),
       (7, 291095347, 1, 1),
       (8, 291095371, 1, 1),
       (9, 291095426, 1, 1),
       (10, 291095428, 1, 1),
       (11, 291095460, 1, 1),
       (12, 291095461, 1, 1),
       (13, 291095596, 1, 1),
       (14, 291095629, 1, 1),
       (15, 291095668, 1, 1),
       (16, 291095670, 1, 1),
       (17, 291095682, 1, 1),
       (18, 291095693, 1, 1),
       (19, 291107370, 2, 1),
       (20, 291140530, 3, 1),
       (21, 291140533, 1, 1),
       (22, 291140540, 1, 1),
       (23, 291191137, 1, 1),
       (24, 291201612, 2, 1),
       (25, 291220503, 1, 1),
       (26, 291220504, 2, 1),
       (27, 291220509, 2, 1),
       (28, 291220510, 2, 1),
       (29, 291220512, 2, 1),
       (30, 291228980, 2, 1),
       (31, 291264353, 7, 1),
       (32, 291285379, 2, 1),
       (33, 291289057, 2, 1),
       (34, 291291904, 1, 1),
       (35, 291291905, 1, 1),
       (36, 291291906, 1, 1),
       (37, 291291911, 1, 1),
       (38, 291300182, 2, 1),
       (39, 291300293, 2, 1),
       (40, 291300543, 2, 1),
       (41, 291300578, 2, 1),
       (42, 291300619, 2, 1),
       (43, 291300742, 2, 1),
       (44, 291300743, 4, 1),
       (45, 291300760, 2, 1),
       (46, 291300763, 2, 1),
       (47, 291300782, 2, 1),
       (48, 291300790, 2, 1),
       (49, 291300827, 2, 1),
       (50, 291300832, 2, 1),
       (51, 291300875, 2, 1),
       (52, 291300879, 2, 1),
       (53, 291300934, 1, 1),
       (54, 291300942, 2, 1),
       (55, 291300943, 1, 1),
       (56, 291300963, 2, 1),
       (57, 291300984, 2, 1),
       (58, 291300988, 2, 1),
       (59, 291300994, 2, 1),
       (60, 291370304, 1, 1),
       (61, 291370305, 3, 1),
       (62, 291370306, 2, 1),
       (63, 291370308, 2, 1),
       (64, 291388300, 5, 1),
       (65, 291388400, 2, 1),
       (66, 291388500, 1, 1),
       (67, 291388900, 2, 1),
       (68, 291400316, 2, 1),
       (69, 291400343, 2, 1),
       (70, 291448013, 3, 1),
       (71, 291448028, 2, 1),
       (72, 291448036, 2, 1),
       (73, 291448056, 2, 1),
       (74, 291448073, 2, 1),
       (75, 291448098, 2, 1),
       (76, 291449036, 1, 1),
       (77, 291449093, 3, 1),
       (78, 291469907, 3, 1),
       (79, 291469909, 2, 1),
       (80, 291496121, 7, 1),
       (81, 291512961, 7, 1),
       (82, 291539400, 1, 1),
       (83, 291539700, 1, 1),
       (84, 291546900, 2, 1),
       (85, 291557213, 3, 1),
       (86, 291557234, 3, 1),
       (87, 291557239, 3, 1),
       (88, 291557243, 3, 1),
       (89, 291557247, 3, 1),
       (90, 291558293, 3, 1),
       (91, 291563200, 2, 1),
       (92, 291564686, 2, 1),
       (93, 291598600, 3, 1),
       (94, 291601782, 2, 1),
       (95, 291658561, 4, 1),
       (96, 291675800, 3, 1),
       (97, 291681500, 1, 1),
       (98, 291684300, 1, 1),
       (99, 291685800, 2, 1),
       (100, 291686200, 2, 1),
       (101, 291689100, 1, 1),
       (102, 291697800, 3, 1),
       (103, 291698500, 3, 1),
       (104, 291709388, 2, 1),
       (105, 291730773, 1, 1),
       (106, 291735800, 3, 1),
       (107, 291751008, 2, 1),
       (108, 291751542, 7, 1),
       (109, 291751874, 7, 1),
       (110, 291751988, 7, 1),
       (111, 291752128, 3, 1),
       (112, 291752146, 3, 1),
       (113, 291752986, 3, 1),
       (114, 291753089, 3, 1),
       (115, 291753107, 3, 1),
       (116, 291753149, 3, 1),
       (117, 291753158, 3, 1),
       (118, 291753161, 3, 1),
       (119, 291753162, 3, 1),
       (120, 291753166, 3, 1),
       (121, 291757541, 2, 1),
       (122, 291757544, 2, 1),
       (123, 291757545, 2, 1),
       (124, 291758700, 7, 1),
       (125, 291769700, 1, 1),
       (126, 291771668, 3, 1),
       (127, 291772303, 3, 1),
       (128, 291772755, 3, 1),
       (129, 291773264, 3, 1),
       (130, 291773293, 3, 1),
       (131, 291781090, 7, 1),
       (132, 291781174, 3, 1),
       (133, 291781974, 3, 1),
       (134, 291782354, 3, 1),
       (135, 291782418, 3, 1),
       (136, 291782460, 3, 1),
       (137, 291782466, 3, 1),
       (138, 291782503, 3, 1),
       (139, 291782515, 3, 1),
       (140, 291782538, 3, 1),
       (141, 291782541, 3, 1),
       (142, 291782562, 7, 1),
       (143, 291782679, 7, 1),
       (144, 291782704, 7, 1),
       (145, 291782731, 7, 1),
       (146, 291782741, 7, 1),
       (147, 291782749, 7, 1),
       (148, 291782756, 7, 1),
       (149, 291782763, 7, 1),
       (150, 291782794, 7, 1),
       (151, 291782835, 7, 1),
       (152, 291782836, 7, 1),
       (153, 291782893, 7, 1),
       (154, 291782903, 7, 1),
       (155, 291782983, 7, 1),
       (156, 291782984, 7, 1),
       (157, 291782990, 7, 1),
       (158, 291783017, 3, 1),
       (159, 291783091, 7, 1),
       (160, 291783112, 7, 1),
       (161, 291783115, 7, 1),
       (162, 291783119, 7, 1),
       (163, 291783122, 7, 1),
       (164, 291783129, 7, 1),
       (165, 291783146, 7, 1),
       (166, 291783152, 7, 1),
       (167, 291783155, 7, 1),
       (168, 291783166, 7, 1),
       (169, 291783195, 7, 1),
       (170, 291783199, 7, 1),
       (171, 291800129, 2, 1),
       (172, 291800153, 2, 1),
       (173, 291800156, 1, 1),
       (174, 291800159, 1, 1),
       (175, 291800357, 4, 1),
       (176, 291800376, 2, 1),
       (177, 291819941, 2, 1),
       (178, 291838820, 2, 1),
       (179, 291838828, 1, 1),
       (180, 291850067, 3, 1),
       (181, 291850721, 7, 1),
       (182, 291850766, 7, 1),
       (183, 291850825, 7, 1),
       (184, 291850826, 7, 1),
       (185, 291850828, 7, 1),
       (186, 291860660, 3, 1),
       (187, 291860974, 3, 1),
       (188, 291861161, 3, 1),
       (189, 291861529, 3, 1),
       (190, 291862181, 3, 1),
       (191, 291862973, 3, 1),
       (192, 291863258, 3, 1),
       (193, 291863523, 3, 1),
       (194, 291863940, 3, 1),
       (195, 291863983, 3, 1),
       (196, 291863987, 3, 1),
       (197, 291863997, 3, 1),
       (198, 291864290, 3, 1),
       (199, 291864291, 3, 1),
       (200, 291864296, 3, 1),
       (201, 291864297, 3, 1),
       (202, 291864307, 3, 1),
       (203, 291864310, 3, 1),
       (204, 291864312, 3, 1),
       (205, 291864313, 3, 1),
       (206, 291871200, 2, 1),
       (207, 291872600, 2, 1),
       (208, 291874500, 1, 1),
       (209, 291878200, 1, 1),
       (210, 291878400, 1, 1),
       (211, 291882047, 2, 1),
       (212, 291882550, 2, 1),
       (213, 291882640, 1, 1),
       (214, 291882705, 2, 1),
       (215, 291882730, 2, 1),
       (216, 291883135, 1, 1),
       (217, 291884013, 2, 1),
       (218, 291884016, 3, 1),
       (219, 291884045, 2, 1),
       (220, 291885583, 1, 1),
       (221, 291888264, 3, 1),
       (222, 291888265, 2, 1),
       (223, 291888267, 5, 1),
       (224, 291888269, 2, 1),
       (225, 291888276, 2, 1),
       (226, 291888382, 2, 1),
       (227, 291888397, 2, 1),
       (228, 291888413, 2, 1),
       (229, 291888423, 1, 1),
       (230, 291888426, 4, 1),
       (231, 291888446, 2, 1),
       (232, 291888458, 2, 1),
       (233, 291888459, 1, 1),
       (234, 291888479, 1, 1),
       (235, 291888490, 3, 1),
       (236, 291888493, 2, 1),
       (237, 291888532, 2, 1),
       (238, 291888534, 1, 1),
       (239, 291888537, 3, 1),
       (240, 291888542, 2, 1),
       (241, 291888543, 3, 1),
       (242, 291891259, 2, 1),
       (243, 291891301, 2, 1),
       (244, 291911260, 1, 1),
       (245, 291911430, 1, 1),
       (246, 291911640, 2, 1),
       (247, 291952041, 2, 1),
       (248, 291952043, 3, 1),
       (249, 291952049, 4, 1),
       (250, 291988230, 2, 1),
       (251, 291995008, 2, 1),
       (252, 291995017, 1, 1),
       (253, 291995025, 6, 1),
       (254, 291995026, 1, 1),
       (255, 291995031, 3, 1),
       (256, 291995033, 3, 1),
       (257, 291995036, 3, 1),
       (258, 291995037, 1, 1),
       (259, 291995038, 2, 1),
       (260, 291995039, 5, 1),
       (261, 291999387, 2, 1),
       (262, 292006668, 3, 2),
       (263, 292006943, 3, 2),
       (264, 292008468, 3, 2),
       (265, 292009085, 3, 2),
       (266, 292105752, 2, 2),
       (267, 292113965, 2, 2),
       (268, 292131362, 2, 2),
       (269, 292134125, 2, 2),
       (270, 292142627, 2, 2),
       (271, 292152079, 2, 2),
       (272, 292164882, 2, 2),
       (273, 292166147, 2, 2),
       (274, 292171335, 7, 2),
       (275, 292180143, 2, 2),
       (276, 292184259, 2, 2),
       (277, 292187466, 2, 2),
       (278, 292190197, 2, 2),
       (279, 292198068, 2, 2),
       (280, 292201055, 2, 2),
       (281, 292452255, 2, 2),
       (282, 292480450, 2, 2),
       (283, 292575092, 2, 2),
       (284, 292575421, 2, 2),
       (285, 292575516, 7, 2),
       (286, 292716660, 3, 2),
       (287, 292793545, 2, 2),
       (288, 292812619, 2, 2),
       (289, 292812987, 2, 2),
       (290, 292813014, 1, 2),
       (291, 292813067, 7, 2),
       (292, 292813103, 2, 2),
       (293, 292813271, 2, 2),
       (294, 292813408, 3, 2),
       (295, 292914618, 2, 2),
       (296, 292944866, 2, 2),
       (297, 292945368, 2, 2),
       (298, 292949646, 2, 2),
       (299, 292952787, 2, 2),
       (300, 292964232, 2, 2),
       (301, 292981432, 2, 2),
       (302, 292997944, 2, 2),
       (303, 293074720, 2, 1),
       (304, 293205855, 2, 1),
       (305, 293364231, 1, 1),
       (306, 293364251, 2, 1),
       (307, 293364256, 2, 1),
       (308, 293364286, 2, 1),
       (309, 293364287, 2, 1),
       (310, 293364293, 2, 1),
       (311, 293364295, 2, 1),
       (312, 293380143, 2, 1),
       (313, 293390287, 2, 1),
       (314, 293437650, 2, 1),
       (315, 293445903, 1, 1),
       (316, 293449986, 6, 1),
       (317, 293452510, 2, 1),
       (318, 293452512, 2, 1),
       (319, 293452523, 2, 1),
       (320, 293500424, 2, 1),
       (321, 293500455, 1, 1),
       (322, 293502754, 7, 1),
       (323, 293551051, 1, 1),
       (324, 293553510, 2, 1),
       (325, 293553610, 1, 1),
       (326, 293554110, 3, 1),
       (327, 293570878, 2, 1),
       (328, 293573710, 7, 1),
       (329, 293574710, 2, 1),
       (330, 293574750, 3, 1),
       (331, 293574760, 4, 1),
       (332, 293574780, 2, 1),
       (333, 293601955, 2, 1),
       (334, 293611838, 7, 1),
       (335, 293641940, 1, 1),
       (336, 293642740, 1, 1),
       (337, 293643240, 3, 1),
       (338, 293644491, 3, 1),
       (339, 293644497, 3, 1),
       (340, 293644536, 2, 1),
       (341, 293644940, 1, 1),
       (342, 293645240, 1, 1),
       (343, 293646240, 3, 1),
       (344, 293647940, 1, 1),
       (345, 293648340, 3, 1),
       (346, 293648640, 1, 1),
       (347, 293648940, 3, 1),
       (348, 293649226, 2, 1),
       (349, 293649540, 3, 1),
       (350, 293649652, 2, 1),
       (351, 293649840, 1, 1),
       (352, 293680980, 1, 1),
       (353, 293682380, 2, 1),
       (354, 293683280, 1, 1),
       (355, 293683780, 1, 1),
       (356, 293683980, 2, 1),
       (357, 293684180, 1, 1),
       (358, 293684280, 1, 1),
       (359, 293684980, 1, 1),
       (360, 293685880, 1, 1),
       (361, 293686680, 3, 1),
       (362, 293687280, 1, 1),
       (363, 293687680, 1, 1),
       (364, 293688480, 1, 1),
       (365, 293688780, 1, 1),
       (366, 293688980, 1, 1),
       (367, 293689280, 1, 1),
       (368, 293700290, 3, 1),
       (369, 293700992, 2, 1),
       (370, 293738600, 1, 1),
       (371, 293741350, 7, 1),
       (372, 293755582, 2, 1),
       (373, 293755583, 1, 1),
       (374, 293755584, 3, 1),
       (375, 293755586, 2, 1),
       (376, 293758816, 2, 1),
       (377, 293758843, 2, 1),
       (378, 293758860, 1, 1),
       (379, 293775215, 1, 1),
       (380, 293783600, 3, 1),
       (381, 293784200, 1, 1),
       (382, 293793400, 2, 1),
       (383, 293794800, 1, 1),
       (384, 293798700, 7, 1),
       (385, 293818804, 2, 1),
       (386, 293818813, 3, 1),
       (387, 293818829, 1, 1),
       (388, 293818830, 2, 1),
       (389, 293818832, 1, 1),
       (390, 293821352, 7, 1),
       (391, 293821369, 7, 1),
       (392, 293841001, 1, 1),
       (393, 293841003, 3, 1),
       (394, 293841004, 3, 1),
       (395, 293841005, 3, 1),
       (396, 293841007, 3, 1),
       (397, 293864989, 3, 1),
       (398, 293868831, 3, 1),
       (399, 293868838, 3, 1),
       (400, 293868840, 3, 1),
       (401, 293868847, 3, 1),
       (402, 293868860, 3, 1),
       (403, 293868861, 3, 1),
       (404, 293868865, 3, 1),
       (405, 293868873, 3, 1),
       (406, 293868892, 3, 1),
       (407, 293884130, 2, 1),
       (408, 293884180, 1, 1),
       (409, 293887745, 1, 1),
       (410, 293887765, 2, 1),
       (411, 293887767, 3, 1),
       (412, 293898216, 2, 1),
       (413, 293900183, 5, 1),
       (414, 293905855, 2, 1),
       (415, 293907262, 1, 1),
       (416, 293952984, 3, 1),
       (417, 293953024, 3, 1),
       (418, 293953057, 3, 1),
       (419, 293953108, 3, 1),
       (420, 293953119, 3, 1),
       (421, 293955506, 2, 1),
       (422, 293955524, 3, 1),
       (423, 293955526, 1, 1),
       (424, 293955529, 1, 1),
       (425, 293955537, 1, 1),
       (426, 293955562, 5, 1),
       (427, 293974653, 3, 1),
       (428, 293977126, 3, 1),
       (429, 293977138, 3, 1),
       (430, 293977145, 2, 1),
       (431, 293981180, 3, 1),
       (432, 293981480, 1, 1),
       (433, 293981580, 1, 1),
       (434, 293981880, 1, 1),
       (435, 293982380, 1, 1),
       (436, 293982937, 3, 1),
       (437, 293982946, 3, 1),
       (438, 293982963, 3, 1),
       (439, 293982967, 3, 1),
       (440, 293982970, 3, 1),
       (441, 293982991, 3, 1),
       (442, 293983045, 3, 1),
       (443, 293983046, 3, 1),
       (444, 293983051, 3, 1),
       (445, 293983054, 3, 1),
       (446, 293983055, 3, 1),
       (447, 293983057, 3, 1),
       (448, 293983059, 3, 1),
       (449, 293983480, 1, 1),
       (450, 293983704, 3, 1),
       (451, 293983706, 3, 1),
       (452, 293983708, 3, 1),
       (453, 293983709, 3, 1),
       (454, 293983956, 3, 1),
       (455, 293983962, 3, 1),
       (456, 293984009, 3, 1),
       (457, 293984780, 1, 1),
       (458, 293986714, 3, 1),
       (459, 293986716, 3, 1),
       (460, 293986753, 3, 1),
       (461, 293986763, 3, 1),
       (462, 293986796, 3, 1),
       (463, 293986817, 3, 1),
       (464, 293986827, 3, 1),
       (465, 293986872, 3, 1),
       (466, 293986897, 3, 1),
       (467, 293986905, 3, 1),
       (468, 293986914, 3, 1),
       (469, 293986916, 3, 1),
       (470, 293986917, 3, 1),
       (471, 293986931, 3, 1),
       (472, 293986948, 3, 1),
       (473, 293986952, 3, 1),
       (474, 293986954, 3, 1),
       (475, 293986963, 3, 1),
       (476, 293986975, 3, 1),
       (477, 293987016, 3, 1),
       (478, 293987053, 3, 1),
       (479, 293987061, 3, 1),
       (480, 293987062, 3, 1),
       (481, 293987063, 3, 1),
       (482, 293987082, 3, 1),
       (483, 293987093, 3, 1),
       (484, 293987094, 3, 1),
       (485, 293987096, 3, 1),
       (486, 293987116, 3, 1),
       (487, 293987143, 3, 1),
       (488, 293987159, 3, 1),
       (489, 293987164, 3, 1),
       (490, 293987172, 3, 1),
       (491, 293994532, 2, 1),
       (492, 293998019, 2, 1),
       (493, 295116576, 2, 2),
       (494, 295118364, 2, 2),
       (495, 295119706, 2, 2),
       (496, 295123268, 2, 2),
       (497, 295124777, 2, 2),
       (498, 295143786, 7, 2),
       (499, 295145724, 1, 2),
       (500, 295150601, 2, 2),
       (501, 295153168, 2, 2),
       (502, 295167081, 2, 2),
       (503, 295188995, 2, 2),
       (504, 295304657, 2, 2),
       (505, 295355593, 3, 2),
       (506, 295359497, 3, 2),
       (507, 295359614, 3, 2),
       (508, 295359621, 3, 2),
       (509, 295359640, 3, 2),
       (510, 295359725, 3, 2),
       (511, 295359870, 3, 2),
       (512, 295359884, 3, 2),
       (513, 295360017, 3, 2),
       (514, 295360034, 3, 2),
       (515, 295360064, 3, 2),
       (516, 295406691, 2, 2),
       (517, 295437070, 2, 2),
       (518, 295484873, 2, 2),
       (519, 295485125, 2, 2),
       (520, 295485162, 2, 2),
       (521, 295485172, 2, 2),
       (522, 295500977, 2, 2),
       (523, 295501893, 2, 2),
       (524, 295502140, 2, 2),
       (525, 295502141, 2, 2),
       (526, 295502186, 2, 2),
       (527, 295502248, 2, 2),
       (528, 295502505, 2, 2),
       (529, 295502744, 2, 2),
       (530, 295502853, 2, 2),
       (531, 295518294, 2, 2),
       (532, 295519202, 3, 2),
       (533, 295520106, 3, 2),
       (534, 295569184, 3, 2),
       (535, 295595389, 2, 2),
       (536, 295686898, 2, 2),
       (537, 295693011, 2, 2),
       (538, 295711011, 2, 2),
       (539, 295733543, 2, 2),
       (540, 295772477, 2, 2),
       (541, 295772677, 2, 2),
       (542, 295911139, 2, 2),
       (543, 295914586, 2, 2),
       (544, 295917106, 4, 2),
       (545, 295928000, 2, 2),
       (546, 295931397, 2, 2),
       (547, 295938953, 1, 2),
       (548, 295949879, 2, 2),
       (549, 295954176, 2, 2),
       (550, 295971900, 2, 2),
       (551, 295978020, 2, 2),
       (552, 295979393, 3, 2),
       (553, 295979584, 2, 2),
       (554, 295983356, 2, 2),
       (555, 295990579, 2, 2),
       (556, 295995086, 2, 2),
       (557, 296031480, 1, 1),
       (558, 296049587, 7, 1),
       (559, 296119134, 1, 1),
       (560, 296129706, 2, 1),
       (561, 296226284, 1, 1),
       (562, 296260016, 2, 1),
       (563, 296390233, 1, 1),
       (564, 296404533, 1, 1),
       (565, 296404541, 2, 1),
       (566, 296430438, 3, 1),
       (567, 296471014, 2, 1),
       (568, 296488770, 2, 1),
       (569, 296555808, 1, 1),
       (570, 296571281, 7, 1),
       (571, 296588228, 3, 1),
       (572, 296617996, 1, 1),
       (573, 296634468, 2, 1),
       (574, 296680326, 1, 1),
       (575, 296680351, 2, 1),
       (576, 296701260, 3, 1),
       (577, 296774116, 7, 1),
       (578, 296788544, 7, 1),
       (579, 296804589, 1, 1),
       (580, 296804593, 4, 1),
       (581, 296804594, 1, 1),
       (582, 296804595, 1, 1),
       (583, 296804596, 5, 1),
       (584, 296804597, 2, 1),
       (585, 296804599, 1, 1),
       (586, 296804601, 1, 1),
       (587, 296880935, 1, 1),
       (588, 296880937, 1, 1),
       (589, 296880943, 2, 1),
       (590, 296893920, 6, 1),
       (591, 296904401, 2, 1),
       (592, 296904402, 1, 1),
       (593, 296904403, 5, 1),
       (594, 296906750, 5, 1),
       (595, 296906850, 1, 1),
       (596, 296908865, 2, 1),
       (597, 296928672, 3, 1),
       (598, 296928682, 3, 1),
       (599, 296939358, 1, 1),
       (600, 296939368, 3, 1),
       (601, 296949107, 7, 1),
       (602, 297011311, 2, 2),
       (603, 297011911, 2, 2),
       (604, 297019996, 2, 2),
       (605, 297104800, 2, 2),
       (606, 297106882, 3, 2),
       (607, 297110756, 4, 2),
       (608, 297114179, 2, 2),
       (609, 297117584, 2, 2),
       (610, 297117688, 2, 2),
       (611, 297120066, 4, 2),
       (612, 297125222, 2, 2),
       (613, 297127156, 2, 2),
       (614, 297134200, 2, 2),
       (615, 297142154, 2, 2),
       (616, 297143209, 3, 2),
       (617, 297143795, 2, 2),
       (618, 297144068, 3, 2),
       (619, 297144272, 3, 2),
       (620, 297144953, 2, 2),
       (621, 297145122, 3, 2),
       (622, 297145520, 3, 2),
       (623, 297145558, 3, 2),
       (624, 297145696, 3, 2),
       (625, 297145886, 3, 2),
       (626, 297146229, 3, 2),
       (627, 297146758, 3, 2),
       (628, 297147039, 2, 2),
       (629, 297149812, 2, 2),
       (630, 297156933, 2, 2),
       (631, 297162981, 2, 2),
       (632, 297165768, 2, 2),
       (633, 297166826, 2, 2),
       (634, 297174355, 2, 2),
       (635, 297174935, 2, 2),
       (636, 297175741, 2, 2),
       (637, 297183323, 2, 2),
       (638, 297185207, 7, 2),
       (639, 297186334, 3, 2),
       (640, 297191361, 2, 2),
       (641, 297196674, 2, 2),
       (642, 297480201, 3, 2),
       (643, 297494621, 2, 2),
       (644, 297494776, 2, 2),
       (645, 297533198, 2, 2),
       (646, 297640271, 2, 2),
       (647, 297698633, 2, 2),
       (648, 297721521, 2, 2),
       (649, 297742775, 3, 2),
       (650, 297748330, 3, 2),
       (651, 297750487, 3, 2),
       (652, 297794776, 2, 2),
       (653, 297821184, 2, 2),
       (654, 297821523, 2, 2),
       (655, 297821544, 2, 2),
       (656, 297822744, 2, 2),
       (657, 298055501, 2, 2),
       (658, 298073661, 2, 2),
       (659, 298127047, 2, 2),
       (660, 298138051, 2, 2),
       (661, 298143472, 3, 2),
       (662, 298149850, 2, 2),
       (663, 298152516, 2, 2),
       (664, 298155610, 2, 2),
       (665, 298157175, 2, 2),
       (666, 298175323, 2, 2),
       (667, 298180728, 2, 2),
       (668, 298193976, 2, 2),
       (669, 298217104, 3, 2),
       (670, 298228807, 2, 2),
       (671, 298233982, 2, 2),
       (672, 298277666, 2, 2),
       (673, 298285115, 3, 2),
       (674, 298485822, 2, 2),
       (675, 298485884, 2, 2),
       (676, 298485912, 2, 2),
       (677, 298485932, 2, 2),
       (678, 298485935, 3, 2),
       (679, 298486420, 2, 2),
       (680, 298714020, 2, 2),
       (681, 298730433, 2, 2),
       (682, 298757901, 2, 2),
       (683, 298862667, 2, 2),
       (684, 298863921, 2, 2),
       (685, 298907611, 2, 2),
       (686, 298909652, 2, 2),
       (687, 298922388, 2, 2),
       (688, 298939207, 2, 2),
       (689, 298944649, 3, 2),
       (690, 298960491, 2, 2),
       (691, 298963299, 2, 2),
       (692, 298964930, 2, 2),
       (693, 298972822, 2, 2),
       (694, 298987561, 2, 2),
       (695, 298991147, 4, 2),
       (696, 333063995, 2, 2),
       (697, 333063996, 2, 2),
       (698, 333066000, 2, 2),
       (699, 333066001, 2, 2),
       (700, 333066002, 3, 2),
       (701, 333066004, 3, 2),
       (702, 333066006, 2, 2),
       (703, 333066008, 2, 2),
       (704, 333066009, 2, 2),
       (705, 333066011, 2, 2),
       (706, 333066013, 2, 2),
       (707, 333070641, 2, 2),
       (708, 333092352, 2, 2),
       (709, 333095190, 2, 2),
       (710, 333242242, 2, 2),
       (711, 333242243, 2, 2),
       (712, 333320307, 2, 2),
       (713, 333321089, 2, 2),
       (714, 333360580, 2, 2),
       (715, 333362261, 2, 2),
       (716, 333362364, 2, 2),
       (717, 333367901, 2, 2),
       (718, 333369268, 2, 2),
       (719, 333369277, 2, 2),
       (720, 333462575, 2, 2),
       (721, 333469583, 2, 2),
       (722, 333469584, 2, 2),
       (723, 333469870, 3, 2),
       (724, 333469871, 3, 2),
       (725, 333469872, 3, 2),
       (726, 333469873, 3, 2),
       (727, 333469874, 3, 2),
       (728, 333469875, 3, 2),
       (729, 333469876, 3, 2),
       (730, 333469877, 3, 2),
       (731, 333469878, 3, 2),
       (732, 333469879, 3, 2),
       (733, 333469880, 3, 2),
       (734, 333469881, 3, 2),
       (735, 333469882, 3, 2),
       (736, 333469883, 3, 2),
       (737, 333469884, 3, 2),
       (738, 333469885, 3, 2),
       (739, 333469886, 3, 2),
       (740, 333469887, 3, 2),
       (741, 333469888, 3, 2),
       (742, 333469889, 3, 2),
       (743, 333469890, 3, 2),
       (744, 333469891, 3, 2),
       (745, 333469892, 3, 2),
       (746, 333469893, 3, 2),
       (747, 333469895, 3, 2),
       (748, 333469896, 3, 2),
       (749, 333469897, 3, 2),
       (750, 333469898, 2, 2),
       (751, 333469899, 2, 2),
       (752, 333469903, 4, 2),
       (753, 333469904, 2, 2),
       (754, 333469907, 4, 2),
       (755, 333469910, 1, 2),
       (756, 333469911, 4, 2),
       (757, 333469912, 3, 2),
       (758, 333469913, 2, 2),
       (759, 333469914, 4, 2),
       (760, 333469916, 4, 2),
       (761, 333469918, 4, 2),
       (762, 333469921, 2, 2),
       (763, 333469922, 2, 2),
       (764, 333469923, 2, 2),
       (765, 333469924, 2, 2),
       (766, 333469927, 2, 2),
       (767, 333469931, 2, 2),
       (768, 333469932, 2, 2),
       (769, 333469935, 4, 2),
       (770, 333469936, 4, 2),
       (771, 333469941, 2, 2),
       (772, 333469942, 4, 2),
       (773, 333469944, 4, 2),
       (774, 333469948, 2, 2),
       (775, 333469949, 2, 2),
       (776, 333469951, 4, 2),
       (777, 333469952, 4, 2),
       (778, 333469953, 4, 2),
       (779, 333469954, 4, 2),
       (780, 333469956, 2, 2),
       (781, 333469957, 4, 2),
       (782, 333469958, 4, 2),
       (783, 333469964, 4, 2),
       (784, 333469966, 4, 2),
       (785, 333469968, 2, 2),
       (786, 333469970, 2, 2),
       (787, 333469972, 2, 2),
       (788, 333469982, 2, 2),
       (789, 333469984, 2, 2),
       (790, 333469985, 2, 2),
       (791, 333469988, 2, 2),
       (792, 333469989, 2, 2),
       (793, 333469990, 2, 2),
       (794, 333469991, 2, 2),
       (795, 333469994, 2, 2),
       (796, 333469996, 1, 2),
       (797, 333469997, 2, 2),
       (798, 333580008, 2, 2),
       (799, 333580143, 2, 2),
       (800, 333582083, 2, 2),
       (801, 333584551, 2, 2),
       (802, 333584552, 2, 2),
       (803, 333584555, 2, 2),
       (804, 333584556, 2, 2),
       (805, 333584557, 2, 2),
       (806, 333584558, 2, 2),
       (807, 333584559, 2, 2),
       (808, 333584561, 2, 2),
       (809, 333584562, 2, 2),
       (810, 333584564, 2, 2),
       (811, 333584565, 2, 2),
       (812, 333586140, 2, 2),
       (813, 333586142, 2, 2),
       (814, 333586143, 2, 2),
       (815, 333586147, 2, 2),
       (816, 333586148, 2, 2),
       (817, 333586149, 2, 2),
       (818, 333586150, 2, 2),
       (819, 333586152, 2, 2),
       (820, 333586153, 2, 2),
       (821, 333586157, 2, 2),
       (822, 333586158, 2, 2),
       (823, 333586200, 2, 2),
       (824, 333586201, 2, 2),
       (825, 333586203, 2, 2),
       (826, 333586205, 4, 2),
       (827, 333586206, 4, 2),
       (828, 333586208, 4, 2),
       (829, 333586210, 4, 2),
       (830, 333586211, 4, 2),
       (831, 333586212, 2, 2),
       (832, 333586213, 1, 2),
       (833, 333586215, 2, 2),
       (834, 333586216, 2, 2),
       (835, 333586227, 7, 2),
       (836, 333586228, 2, 2),
       (837, 333586229, 2, 2),
       (838, 333586362, 2, 2),
       (839, 333587237, 2, 2),
       (840, 333587238, 2, 2),
       (841, 333588105, 2, 2),
       (842, 333588106, 2, 2),
       (843, 333588108, 2, 2),
       (844, 333588109, 2, 2),
       (845, 333588110, 2, 2),
       (846, 333588111, 2, 2),
       (847, 333588112, 2, 2),
       (848, 333588114, 2, 2),
       (849, 333588118, 2, 2),
       (850, 333588119, 2, 2),
       (851, 333588121, 2, 2),
       (852, 333588123, 2, 2),
       (853, 333588124, 2, 2),
       (854, 333588125, 2, 2),
       (855, 333588126, 2, 2),
       (856, 333588127, 2, 2),
       (857, 333588129, 2, 2),
       (858, 333589011, 3, 2),
       (859, 333589012, 2, 2),
       (860, 333589016, 2, 2),
       (861, 333589018, 2, 2),
       (862, 333589021, 2, 2),
       (863, 333589022, 2, 2),
       (864, 333589025, 2, 2),
       (865, 333589026, 2, 2),
       (866, 333589031, 3, 2),
       (867, 333589032, 2, 2),
       (868, 333589033, 2, 2),
       (869, 333589034, 2, 2),
       (870, 333589036, 2, 2),
       (871, 333589037, 2, 2),
       (872, 333589038, 2, 2),
       (873, 333589039, 2, 2),
       (874, 333651620, 3, 2),
       (875, 333651621, 3, 2),
       (876, 333651625, 3, 2),
       (877, 333651626, 3, 2),
       (878, 333670030, 2, 2),
       (879, 333708603, 2, 2),
       (880, 333708605, 2, 2),
       (881, 333708606, 2, 2),
       (882, 333708608, 2, 2),
       (883, 333708610, 2, 2),
       (884, 333708611, 2, 2),
       (885, 333708612, 2, 2),
       (886, 333708613, 2, 2),
       (887, 333708614, 5, 2),
       (888, 333708616, 1, 2),
       (889, 333708618, 2, 2),
       (890, 333709002, 2, 2),
       (891, 333709003, 2, 2),
       (892, 333709004, 2, 2),
       (893, 333709007, 2, 2),
       (894, 333709008, 2, 2),
       (895, 333709009, 1, 2),
       (896, 333709011, 2, 2),
       (897, 333709013, 2, 2),
       (898, 333709014, 2, 2),
       (899, 333709015, 2, 2),
       (900, 333709020, 2, 2),
       (901, 333709022, 2, 2),
       (902, 333709023, 2, 2),
       (903, 333709024, 2, 2),
       (904, 333709025, 2, 2),
       (905, 333709026, 2, 2),
       (906, 333711921, 2, 2),
       (907, 333773125, 2, 2),
       (908, 333841086, 2, 2),
       (909, 333860016, 2, 2),
       (910, 333894156, 2, 2),
       (911, 333919874, 2, 2),
       (912, 333919876, 2, 2),
       (913, 333919877, 2, 2),
       (914, 333919907, 2, 2),
       (915, 333993599, 2, 2),
       (916, 333996280, 2, 2),
       (917, 333996282, 2, 2),
       (918, 333996283, 2, 2),
       (919, 333996284, 2, 2),
       (920, 333996285, 2, 2),
       (921, 333996288, 2, 2),
       (922, 333996290, 2, 2),
       (923, 333996296, 2, 2),
       (924, 333997250, 3, 2),
       (925, 333997251, 3, 2),
       (926, 333997252, 3, 2),
       (927, 333997253, 3, 2),
       (928, 333997254, 3, 2),
       (929, 333997255, 3, 2),
       (930, 333997256, 3, 2),
       (931, 333997257, 3, 2),
       (932, 333997258, 3, 2),
       (933, 333997259, 3, 2),
       (934, 333999555, 7, 2),
       (935, 336023559, 2, 2),
       (936, 336023615, 2, 2),
       (937, 336024332, 2, 2),
       (938, 336024559, 2, 2),
       (939, 336024946, 2, 2),
       (940, 336039031, 2, 2),
       (941, 336108992, 2, 2),
       (942, 336112745, 3, 2),
       (943, 336227906, 2, 2),
       (944, 336265544, 3, 2),
       (945, 336320289, 3, 2),
       (946, 336324696, 3, 2),
       (947, 336328236, 3, 2),
       (948, 336331159, 3, 2),
       (949, 336331432, 3, 2),
       (950, 336331663, 3, 2),
       (951, 336332793, 3, 2),
       (952, 336332891, 3, 2),
       (953, 336332974, 3, 2),
       (954, 336333171, 3, 2),
       (955, 336335418, 3, 2),
       (956, 336335461, 3, 2),
       (957, 336336465, 3, 2),
       (958, 336336682, 3, 2),
       (959, 336339167, 3, 2),
       (960, 336339510, 3, 2),
       (961, 336339791, 3, 2),
       (962, 336339936, 3, 2),
       (963, 336340041, 3, 2),
       (964, 336340749, 3, 2),
       (965, 336341594, 3, 2),
       (966, 336341728, 3, 2),
       (967, 336342310, 3, 2),
       (968, 336342535, 3, 2),
       (969, 336343098, 3, 2),
       (970, 336343318, 3, 2),
       (971, 336343442, 3, 2),
       (972, 336343796, 3, 2),
       (973, 336343951, 3, 2),
       (974, 336344459, 3, 2),
       (975, 336344864, 3, 2),
       (976, 336345072, 3, 2),
       (977, 336345620, 3, 2),
       (978, 336345769, 3, 2),
       (979, 336345912, 3, 2),
       (980, 336346564, 3, 2),
       (981, 336392895, 2, 2),
       (982, 336465593, 2, 2),
       (983, 336465642, 2, 2),
       (984, 336465664, 3, 2),
       (985, 336473315, 2, 2),
       (986, 336495576, 2, 2),
       (987, 336564005, 2, 2),
       (988, 336564990, 2, 2),
       (989, 336573096, 2, 2),
       (990, 336584116, 2, 2),
       (991, 336588228, 3, 2),
       (992, 336600870, 2, 2),
       (993, 336621660, 2, 2),
       (994, 336731726, 2, 2),
       (995, 336733014, 2, 2),
       (996, 336733394, 2, 2),
       (997, 336780074, 2, 2),
       (998, 336780166, 2, 2),
       (999, 336792401, 2, 2),
       (1000, 336881352, 2, 2),
       (1001, 336900102, 2, 2),
       (1002, 336953136, 2, 2),
       (1003, 336954382, 2, 2),
       (1004, 336975993, 2, 2),
       (1005, 339015690, 2, 2),
       (1006, 339038585, 2, 2),
       (1007, 339040014, 3, 2),
       (1008, 339102591, 3, 2),
       (1009, 339105416, 3, 2),
       (1010, 339105569, 3, 2),
       (1011, 445034450, 1, 1),
       (1012, 445034451, 1, 1),
       (1013, 445034453, 1, 1),
       (1014, 445034454, 1, 1),
       (1015, 445034456, 1, 1),
       (1016, 445034457, 1, 1),
       (1017, 445034458, 1, 1),
       (1018, 445034459, 1, 1),
       (1019, 445034460, 1, 1),
       (1020, 445034461, 1, 1),
       (1021, 445034462, 3, 1),
       (1022, 445034463, 1, 1),
       (1023, 445115952, 2, 1),
       (1024, 445121938, 2, 1),
       (1025, 445191342, 3, 1),
       (1026, 445191348, 3, 1),
       (1027, 445191365, 3, 1),
       (1028, 445191389, 3, 1),
       (1029, 445191391, 3, 1),
       (1030, 445191396, 3, 1),
       (1031, 445191398, 3, 1),
       (1032, 445191416, 3, 1),
       (1033, 445191423, 3, 1),
       (1034, 445191439, 3, 1),
       (1035, 445191442, 3, 1),
       (1036, 445191447, 3, 1),
       (1037, 445191451, 3, 1),
       (1038, 445191452, 3, 1),
       (1039, 445191460, 3, 1),
       (1040, 445191465, 3, 1),
       (1041, 445191468, 3, 1),
       (1042, 445191473, 3, 1),
       (1043, 445191478, 3, 1),
       (1044, 445191479, 3, 1),
       (1045, 445191485, 3, 1),
       (1046, 445191487, 3, 1),
       (1047, 445191489, 3, 1),
       (1048, 445191502, 3, 1),
       (1049, 445191517, 3, 1),
       (1050, 445191546, 3, 1),
       (1051, 445191549, 3, 1),
       (1052, 445191554, 3, 1),
       (1053, 445191558, 3, 1),
       (1054, 445191565, 3, 1),
       (1055, 445191567, 3, 1),
       (1056, 445191578, 3, 1),
       (1057, 445191580, 3, 1),
       (1058, 445191582, 3, 1),
       (1059, 445191587, 3, 1),
       (1060, 445191594, 3, 1),
       (1061, 445191595, 3, 1),
       (1062, 445191598, 3, 1),
       (1063, 445191603, 3, 1),
       (1064, 445191612, 3, 1),
       (1065, 445191623, 3, 1),
       (1066, 445191624, 3, 1),
       (1067, 445191629, 3, 1),
       (1068, 445191633, 3, 1),
       (1069, 445191634, 3, 1),
       (1070, 445191640, 3, 1),
       (1071, 445191641, 3, 1),
       (1072, 445191642, 3, 1),
       (1073, 445191647, 3, 1),
       (1074, 445191670, 3, 1),
       (1075, 445197539, 3, 1),
       (1076, 445302943, 7, 1),
       (1077, 445324443, 3, 1),
       (1078, 445326318, 7, 1),
       (1079, 445326513, 7, 1),
       (1080, 445344453, 1, 1),
       (1081, 445351876, 3, 1),
       (1082, 445355593, 3, 1),
       (1083, 445420756, 7, 1),
       (1084, 445420796, 7, 1),
       (1085, 445440237, 3, 1),
       (1086, 445440520, 3, 1),
       (1087, 445440599, 3, 1),
       (1088, 445440697, 3, 1),
       (1089, 445441939, 3, 1),
       (1090, 445444580, 3, 1),
       (1091, 445444582, 3, 1),
       (1092, 445465482, 2, 1),
       (1093, 445497204, 2, 1),
       (1094, 445508769, 1, 1),
       (1095, 445508953, 2, 1),
       (1096, 445508985, 2, 1),
       (1097, 445514520, 1, 1),
       (1098, 445554003, 5, 1),
       (1099, 445554006, 2, 1),
       (1100, 445554007, 2, 1),
       (1101, 445558065, 2, 1),
       (1102, 445558067, 1, 1),
       (1103, 445558069, 1, 1),
       (1104, 445559004, 2, 1),
       (1105, 445559548, 2, 1),
       (1106, 445559549, 3, 1),
       (1107, 445559554, 4, 1),
       (1108, 445585312, 3, 1),
       (1109, 445585514, 3, 1),
       (1110, 445585571, 3, 1),
       (1111, 445587395, 3, 1),
       (1112, 445590043, 1, 1),
       (1113, 445600169, 3, 1),
       (1114, 445600224, 4, 1),
       (1115, 445600256, 1, 1),
       (1116, 445600346, 2, 1),
       (1117, 445600369, 1, 1),
       (1118, 445600387, 2, 1),
       (1119, 445600391, 2, 1),
       (1120, 445600831, 2, 1),
       (1121, 445600875, 3, 1),
       (1122, 445633062, 2, 1),
       (1123, 445633082, 1, 1),
       (1124, 445633087, 5, 1),
       (1125, 445633280, 2, 1),
       (1126, 445637400, 3, 1),
       (1127, 445649403, 2, 1),
       (1128, 445651659, 3, 1),
       (1129, 445651661, 3, 1),
       (1130, 445651663, 3, 1),
       (1131, 445651664, 3, 1),
       (1132, 445651672, 3, 1),
       (1133, 445651677, 3, 1),
       (1134, 445651681, 3, 1),
       (1135, 445651685, 3, 1),
       (1136, 445651687, 3, 1),
       (1137, 445651688, 3, 1),
       (1138, 445651692, 3, 1),
       (1139, 445651694, 3, 1),
       (1140, 445651698, 3, 1),
       (1141, 445651699, 3, 1),
       (1142, 445651710, 3, 1),
       (1143, 445651711, 3, 1),
       (1144, 445651714, 3, 1),
       (1145, 445651721, 3, 1),
       (1146, 445657300, 2, 1),
       (1147, 445666038, 1, 1),
       (1148, 445687360, 2, 1),
       (1149, 445689356, 3, 1),
       (1150, 445689359, 3, 1),
       (1151, 445689368, 3, 1),
       (1152, 445689372, 3, 1),
       (1153, 445689380, 3, 1),
       (1154, 445689390, 3, 1),
       (1155, 445689391, 3, 1),
       (1156, 445689392, 3, 1),
       (1157, 445689394, 3, 1),
       (1158, 445689397, 3, 1),
       (1159, 445691507, 3, 1),
       (1160, 445691544, 3, 1),
       (1161, 445718004, 2, 1),
       (1162, 445721063, 3, 1),
       (1163, 445730043, 1, 1),
       (1164, 445750032, 7, 1),
       (1165, 445750064, 7, 1),
       (1166, 445777539, 2, 1),
       (1167, 445777540, 1, 1),
       (1168, 445777562, 1, 1),
       (1169, 445777572, 1, 1),
       (1170, 445777573, 2, 1),
       (1171, 445777574, 1, 1),
       (1172, 445777859, 2, 1),
       (1173, 445831020, 3, 1),
       (1174, 445835984, 3, 1),
       (1175, 445842823, 3, 1),
       (1176, 445850379, 7, 1),
       (1177, 445850381, 7, 1),
       (1178, 445850382, 7, 1),
       (1179, 445850383, 7, 1),
       (1180, 445850384, 3, 1),
       (1181, 445850386, 3, 1),
       (1182, 445852558, 3, 1),
       (1183, 445852601, 3, 1),
       (1184, 445865389, 2, 1),
       (1185, 445878634, 3, 1),
       (1186, 445879200, 3, 1),
       (1187, 445880084, 2, 1),
       (1188, 445888256, 1, 1),
       (1189, 445888264, 2, 1),
       (1190, 445888269, 1, 1),
       (1191, 445888272, 2, 1),
       (1192, 445888278, 1, 1),
       (1193, 445888468, 2, 1),
       (1194, 445888622, 2, 1),
       (1195, 445888623, 2, 1),
       (1196, 445888624, 2, 1),
       (1197, 445888627, 2, 1),
       (1198, 445888760, 2, 1),
       (1199, 445906612, 3, 1),
       (1200, 445906615, 3, 1),
       (1201, 445906616, 3, 1),
       (1202, 445906621, 1, 1),
       (1203, 445911020, 3, 1),
       (1204, 445919166, 2, 1),
       (1205, 445919168, 1, 1),
       (1206, 445919169, 2, 1),
       (1207, 445919170, 2, 1),
       (1208, 445925560, 7, 1),
       (1209, 445931020, 3, 1),
       (1210, 445942225, 2, 1),
       (1211, 445946802, 3, 1),
       (1212, 445946867, 3, 1),
       (1213, 445946869, 3, 1),
       (1214, 445946905, 3, 1),
       (1215, 445946914, 3, 1),
       (1216, 445946937, 3, 1),
       (1217, 445946952, 3, 1),
       (1218, 445946957, 3, 1),
       (1219, 445946979, 3, 1),
       (1220, 445946996, 3, 1),
       (1221, 445947081, 3, 1),
       (1222, 445947124, 3, 1),
       (1223, 445947130, 3, 1),
       (1224, 445947131, 3, 1),
       (1225, 445947167, 3, 1),
       (1226, 445947226, 3, 1),
       (1227, 445947231, 3, 1),
       (1228, 445947259, 3, 1),
       (1229, 445947260, 3, 1),
       (1230, 445947276, 3, 1),
       (1231, 445947315, 3, 1),
       (1232, 445947325, 3, 1),
       (1233, 445947327, 3, 1),
       (1234, 445947374, 3, 1),
       (1235, 445947408, 3, 1),
       (1236, 445947469, 3, 1),
       (1237, 445947521, 3, 1),
       (1238, 445947522, 3, 1),
       (1239, 445947556, 3, 1),
       (1240, 445947560, 3, 1),
       (1241, 445947574, 3, 1),
       (1242, 445947576, 3, 1),
       (1243, 445947637, 3, 1),
       (1244, 445947646, 3, 1),
       (1245, 445947685, 3, 1),
       (1246, 445947687, 3, 1),
       (1247, 445947690, 3, 1),
       (1248, 445947691, 3, 1),
       (1249, 445947693, 3, 1),
       (1250, 445947752, 3, 1),
       (1251, 445947793, 3, 1),
       (1252, 445947804, 3, 1),
       (1253, 445947814, 3, 1),
       (1254, 445947840, 3, 1),
       (1255, 445947867, 3, 1),
       (1256, 445947971, 3, 1),
       (1257, 445947973, 3, 1),
       (1258, 445947988, 3, 1),
       (1259, 445947989, 3, 1),
       (1260, 445947992, 3, 1),
       (1261, 445947993, 3, 1),
       (1262, 445948029, 3, 1),
       (1263, 445948031, 3, 1),
       (1264, 445948034, 3, 1),
       (1265, 445948037, 3, 1),
       (1266, 445948038, 3, 1),
       (1267, 445948042, 3, 1),
       (1268, 445948043, 3, 1),
       (1269, 445948046, 3, 1),
       (1270, 445948049, 3, 1),
       (1271, 445951831, 7, 1),
       (1272, 445951850, 7, 1),
       (1273, 445951870, 7, 1),
       (1274, 445951876, 7, 1),
       (1275, 445961020, 3, 1),
       (1276, 445967400, 3, 1),
       (1277, 445967800, 1, 1),
       (1278, 445971020, 3, 1),
       (1279, 445975040, 2, 1),
       (1280, 445988806, 3, 1),
       (1281, 445990153, 2, 1),
       (1282, 445990162, 1, 1),
       (1283, 445990396, 1, 1),
       (1284, 445991961, 2, 1),
       (1285, 445991963, 1, 1),
       (1286, 445991964, 2, 1),
       (1287, 445995677, 1, 1),
       (1288, 445995877, 4, 1),
       (1289, 445996390, 3, 1),
       (1290, 445996607, 1, 1),
       (1291, 445996609, 5, 1),
       (1292, 445996629, 1, 1),
       (1293, 445997277, 2, 1),
       (1294, 445997477, 7, 1),
       (1295, 445999341, 2, 1),
       (1296, 447021409, 3, 1),
       (1297, 447032490, 3, 1),
       (1298, 447039099, 3, 1),
       (1299, 447042050, 3, 1),
       (1300, 447044259, 7, 1),
       (1301, 447072374, 3, 1),
       (1302, 447091250, 3, 1),
       (1303, 447091594, 3, 1),
       (1304, 447092834, 3, 1),
       (1305, 447096457, 3, 1),
       (1306, 447102670, 2, 1),
       (1307, 447102680, 3, 1),
       (1308, 447102690, 3, 1),
       (1309, 447104392, 3, 1),
       (1310, 447108945, 3, 1),
       (1311, 447109692, 3, 1),
       (1312, 447113270, 3, 1),
       (1313, 447115695, 3, 1),
       (1314, 447115714, 3, 1),
       (1315, 447117218, 3, 1),
       (1316, 447118064, 3, 1),
       (1317, 447119788, 3, 1),
       (1318, 447119839, 3, 1),
       (1319, 447120098, 3, 1),
       (1320, 447120185, 3, 1),
       (1321, 447120352, 3, 1),
       (1322, 447120489, 3, 1),
       (1323, 447120708, 3, 1),
       (1324, 447120785, 3, 1),
       (1325, 447207507, 3, 1),
       (1326, 447211911, 2, 1),
       (1327, 447222494, 3, 1),
       (1328, 447224226, 3, 1),
       (1329, 447226036, 3, 1),
       (1330, 447229403, 3, 1),
       (1331, 447231701, 3, 1),
       (1332, 447232452, 3, 1),
       (1333, 447244944, 1, 1),
       (1334, 447245450, 3, 1),
       (1335, 447245451, 2, 1),
       (1336, 447245452, 3, 1),
       (1337, 447245453, 3, 1),
       (1338, 447245886, 4, 1),
       (1339, 447290113, 2, 1),
       (1340, 447310201, 2, 1),
       (1341, 447310205, 3, 1),
       (1342, 447320996, 1, 1),
       (1343, 447330309, 1, 1),
       (1344, 447330312, 1, 1),
       (1345, 447330315, 2, 1),
       (1346, 447330316, 2, 1),
       (1347, 447330317, 2, 1),
       (1348, 447330318, 2, 1),
       (1349, 447330319, 2, 1),
       (1350, 447332580, 3, 1),
       (1351, 447338063, 3, 1),
       (1352, 447339560, 2, 1),
       (1353, 447340005, 3, 1),
       (1354, 447347625, 3, 1),
       (1355, 447349222, 3, 1),
       (1356, 447350112, 5, 1),
       (1357, 447350114, 2, 1),
       (1358, 447350118, 2, 1),
       (1359, 447351124, 3, 1),
       (1360, 447351489, 3, 1),
       (1361, 447352350, 3, 1),
       (1362, 447352564, 3, 1),
       (1363, 447352741, 3, 1),
       (1364, 447353925, 3, 1),
       (1365, 447356342, 3, 1),
       (1366, 447364454, 3, 1),
       (1367, 447376900, 1, 1),
       (1368, 447382463, 3, 1),
       (1369, 447383037, 3, 1),
       (1370, 447385763, 7, 1),
       (1371, 447389280, 3, 1),
       (1372, 447389358, 3, 1),
       (1373, 447392030, 2, 1),
       (1374, 447396428, 3, 1),
       (1375, 447396476, 3, 1),
       (1376, 447396692, 3, 1),
       (1377, 447396755, 1, 1),
       (1378, 447397081, 3, 1),
       (1379, 447397553, 3, 1),
       (1380, 447404355, 1, 1),
       (1381, 447404655, 1, 1),
       (1382, 447406455, 1, 1),
       (1383, 447413755, 1, 1),
       (1384, 447414755, 1, 1),
       (1385, 447415355, 1, 1),
       (1386, 447415755, 1, 1),
       (1387, 447437498, 7, 1),
       (1388, 447439405, 3, 1),
       (1389, 447457666, 2, 1),
       (1390, 447467135, 3, 1),
       (1391, 447467900, 1, 1),
       (1392, 447487232, 2, 1),
       (1393, 447491881, 3, 1),
       (1394, 447494666, 1, 1),
       (1395, 447502201, 1, 1),
       (1396, 447502202, 1, 1),
       (1397, 447502205, 2, 1),
       (1398, 447502206, 2, 1),
       (1399, 447502209, 2, 1),
       (1400, 447502210, 1, 1),
       (1401, 447512600, 2, 1),
       (1402, 447513684, 3, 1),
       (1403, 447516661, 2, 1),
       (1404, 447520839, 2, 1),
       (1405, 447523666, 1, 1),
       (1406, 447539381, 3, 1),
       (1407, 447558812, 2, 1),
       (1408, 447558841, 2, 1),
       (1409, 447558845, 2, 1),
       (1410, 447569233, 7, 1),
       (1411, 447575801, 3, 1),
       (1412, 447575802, 3, 1),
       (1413, 447575804, 2, 1),
       (1414, 447575806, 2, 1),
       (1415, 447575807, 2, 1),
       (1416, 447575808, 2, 1),
       (1417, 447592314, 3, 1),
       (1418, 447599039, 1, 1),
       (1419, 447599559, 1, 1),
       (1420, 447599809, 7, 1),
       (1421, 447615384, 3, 1),
       (1422, 447615387, 3, 1),
       (1423, 447615394, 3, 1),
       (1424, 447621997, 7, 1),
       (1425, 447641177, 1, 1),
       (1426, 447652325, 3, 1),
       (1427, 447653844, 2, 1),
       (1428, 447655476, 2, 1),
       (1429, 447692970, 3, 1),
       (1430, 447693617, 3, 1),
       (1431, 447713185, 3, 1),
       (1432, 447724551, 1, 1),
       (1433, 447724552, 2, 1),
       (1434, 447737014, 2, 1),
       (1435, 447737016, 2, 1),
       (1436, 447737017, 2, 1),
       (1437, 447775867, 2, 1),
       (1438, 447804041, 2, 1),
       (1439, 447820281, 3, 1),
       (1440, 447821105, 3, 1),
       (1441, 447821621, 3, 1),
       (1442, 447821986, 3, 1),
       (1443, 447822134, 3, 1),
       (1444, 447822262, 3, 1),
       (1445, 447822459, 3, 1),
       (1446, 447824716, 3, 1),
       (1447, 447824828, 3, 1),
       (1448, 447841328, 3, 1),
       (1449, 447842967, 3, 1),
       (1450, 447851038, 3, 1),
       (1451, 447851060, 7, 1),
       (1452, 447851091, 7, 1),
       (1453, 447851139, 7, 1),
       (1454, 447860744, 3, 1),
       (1455, 447865866, 1, 1),
       (1456, 447865878, 7, 1),
       (1457, 447880782, 3, 1),
       (1458, 447881811, 3, 1),
       (1459, 447882002, 2, 1),
       (1460, 447882005, 1, 1),
       (1461, 447882006, 1, 1),
       (1462, 447882072, 2, 1),
       (1463, 447882073, 2, 1),
       (1464, 447882082, 2, 1),
       (1465, 447889886, 2, 1),
       (1466, 447889899, 1, 1),
       (1467, 447907210, 2, 1),
       (1468, 447908002, 1, 1),
       (1469, 447908004, 2, 1),
       (1470, 447908031, 2, 1),
       (1471, 447908034, 2, 1),
       (1472, 447908035, 2, 1),
       (1473, 447908847, 2, 1),
       (1474, 447908851, 2, 1),
       (1475, 447909547, 2, 1),
       (1476, 447909597, 3, 1),
       (1477, 447913888, 2, 1),
       (1478, 447933911, 7, 1),
       (1479, 447933927, 7, 1),
       (1480, 447933929, 1, 1),
       (1481, 447933930, 2, 1),
       (1482, 447933934, 1, 1),
       (1483, 447933943, 1, 1),
       (1484, 447933948, 1, 1),
       (1485, 447942607, 7, 1),
       (1486, 447942610, 7, 1),
       (1487, 447942906, 7, 1),
       (1488, 447942935, 7, 1),
       (1489, 447944644, 2, 1),
       (1490, 447963400, 1, 1),
       (1491, 447978824, 2, 1),
       (1492, 447978826, 1, 1),
       (1493, 447978828, 3, 1),
       (1494, 447978831, 2, 1),
       (1495, 447985900, 4, 1),
       (1496, 447994810, 1, 1),
       (1497, 447994820, 1, 1),
       (1498, 447994830, 2, 1);


select setval('phone_number_id_seq', (select max(id) from phone_number));

--changeset igor:4

INSERT INTO one_time_call_service (id, one_time_call_service_name)
VALUES (1, 'MMS исходящие национальные'),
       (2, 'SMS в ЗАГ/Команда'),
       (3, 'SMS исходящие международные'),
       (4, 'SMS исходящие национальные'),
       (5, 'SMS-услуги'),
       (6, 'USSD'),
       (7, 'Звонки в ЗАГ/Команда'),
       (8, 'Звонки в ЗАГ/Команда в 3G'),
       (9, 'Звонки в ЗАГ/Команда в 4G'),
       (10, 'Звонки в ЗАГ/Команда в Wi-Fi'),
       (11, 'Звонки на справочные/ короткие номера'),
       (12, 'Интернет-трафик'),
       (13, 'Исходящие внутри сети'),
       (14, 'Исходящие внутри сети в 3G'),
       (15, 'Исходящие внутри сети в 4G'),
       (16, 'Исходящие внутри сети в Wi-Fi'),
       (17, 'Исходящие на БеСТ'),
       (18, 'Исходящие на БеСТ 3G'),
       (19, 'Исходящие на БеСТ в 4G'),
       (20, 'Исходящие на голосовую почту'),
       (21, 'Исходящие на МТС'),
       (22, 'Исходящие на МТС 3G'),
       (23, 'Исходящие на МТС в 4G'),
       (24, 'Исходящие на МТС в Wi-Fi'),
       (25, 'Исходящие по РБ'),
       (26, 'Исходящие по РБ 3G'),
       (27, 'Исходящие по РБ в 4G'),
       (28, 'Международные звонки (СНГ)'),
       (29, 'Подписки, SMS входящие платные'),
       (30, 'Роуминг SMS исходящие'),
       (31, 'Роуминг входящий'),
       (32, 'Роуминг интернет-трафик'),
       (33, 'Роуминг исходящий');

select setval('one_time_call_service_id_seq', (select max(id) from one_time_call_service));

--changeset igor:5

INSERT INTO rule_one_time_call_service (id, rule_name, one_time_call_service_id, start_payment, end_payment)
VALUES (1, 'Звонки внутри сети с 8-00 до 18-00', 13, '08:00:00', '18:00:00'),
       (2, 'Звонки внутри сети в 3G с 8-00 до 18-00', 14, '08:00:00', '18:00:00'),
       (3, 'Звонки внутри сети в 4G с 8-00 до 18-00', 15, '08:00:00', '18:00:00'),
       (4, 'Звонки внутри сети в Wi-Fi с 8-00 до 18-00', 16, '08:00:00', '18:00:00'),
       (5, 'Звонки на БеСТ с 8-00 до 18-00', 17, '08:00:00', '18:00:00'),
       (6, 'Звонки на БеСТ 3G с 8-00 до 18-00', 18, '08:00:00', '18:00:00'),
       (7, 'Звонки на БеСТ 4G с 8-00 до 18-00', 19, '08:00:00', '18:00:00'),
       (8, 'Звонки на МТС с 8-00 до 18-00', 21, '08:00:00', '18:00:00'),
       (9, 'Звонки на МТС 3G с 8-00 до 18-00', 22, '08:00:00', '18:00:00'),
       (10, 'Звонки на МТС 4G с 8-00 до 18-00', 23, '08:00:00', '18:00:00'),
       (11, 'Звонки на МТС Wi-Fi с 8-00 до 18-00', 24, '08:00:00', '18:00:00'),
       (12, 'Звонки по РБ с 8-00 до 18-00', 25, '08:00:00', '18:00:00'),
       (13, 'Звонки по РБ 3G с 8-00 до 18-00', 26, '08:00:00', '18:00:00'),
       (14, 'Звонки по РБ 4G с 8-00 до 18-00', 27, '08:00:00', '18:00:00'),
       (15, 'Звонки по (СНГ) с 8-00 до 18-00', 28, '08:00:00', '18:00:00'),
       (16, 'Звонки роуминг входящий с 8-00 до 18-00', 31, '08:00:00', '18:00:00'),
       (17, 'Звонки роуминг исходящий с 8-00 до 18-00', 33, '08:00:00', '18:00:00');

select setval('rule_one_time_call_service_id_seq', (select max(id) from rule_one_time_call_service));

--changeset igor:6

INSERT INTO group_rule_one_time_call_service (rule_id, group_id)
VALUES (1, 1),
       (2, 1),
       (3, 1),
       (4, 1),
       (5, 1),
       (6, 1),
       (7, 1),
       (8, 1),
       (9, 1),
       (10, 1),
       (11, 1),
       (12, 1),
       (13, 1),
       (14, 1),
       (15, 1),
       (16, 1),
       (17, 1);